Ozone,NO,NO2,NOX,SO2,PM10,NV_PM10,V_PM10,PM2.5,NV_PM2.5,V_PM2.5
37,1,30,33,4,9,6,3,8,5,3
37,4,32,38,5,9,8,1,7,5,2
46,4,28,35,3,11,8,3,7,5,2
38,7,36,46,3,11,10,2,8,6,2
31,54,51,135,5,13,11,2,8,7,0
18,25,52,90,3,15,13,2,11,9,2
23,26,52,93,3,13,10,2,9,7,2
18,22,54,88,3,12,11,2,11,9,2
9,15,53,76,3,14,12,3,12,10,3
14,10,47,63,4,11,8,3,11,7,3
18,14,46,68,4,13,9,3,11,8,3
16,47,56,128,6,13,11,3,12,8,3
4,70,68,176,5,23,19,3,19,15,4
1,92,78,220,8,32,26,5,27,22,5
10,58,63,152,6,22,18,5,20,15,5
2,104,79,239,12,36,30,6,31,25,6
1,106,81,243,9,38,32,6,36,29,6
7,18,49,77,3,26,18,8,24,17,8
21,22,54,89,4,11,7,5,7,4,4
18,20,62,92,6,15,12,3,11,9,3
30,19,48,77,3,11,8,3,8,6,3
28,35,53,107,4,12,10,2,9,7,2
12,31,78,126,6,14,12,2,11,9,2
2,49,69,144,4,18,15,3,17,13,3
20,12,42,60,5,15,8,6,12,7,5
29,12,44,61,6,12,9,3,9,6,3
19,21,51,82,7,14,12,2,10,8,2
7,53,55,137,5,21,17,4,18,15,4
8,34,48,100,5,27,20,7,25,18,7
7,55,60,144,4,36,30,6,30,24,6
6,52,59,139,7,56,48,8,54,46,8
23,31,55,102,4,31,25,6,26,20,6
26,35,58,112,3,19,15,3,14,10,4
9,76,74,191,5,25,20,5,21,16,5
8,38,64,123,7,35,25,10,33,23,10
6,36,59,114,4,20,15,5,20,14,6
1,84,77,206,8,41,33,8,36,28,9
7,66,73,175,9,35,28,7,34,27,7
18,41,65,127,6,22,20,2,19,15,3
14,53,67,149,6,32,26,6,29,22,7
7,55,69,153,8,36,27,9,36,25,11
5,65,83,183,4,53,40,12,52,38,14
0,96,86,233,6,49,34,14,50,34,16
4,75,78,193,7,22,14,8,23,14,9
16,70,74,182,7,19,16,3,16,12,4
15,69,75,181,5,15,13,3,14,10,3
14,39,78,138,5,17,13,4,14,10,4
11,19,62,91,7,18,13,5,17,12,5
41,14,44,66,6,9,5,3,7,3,3
20,52,72,152,7,12,11,1,10,9,1
22,21,64,96,7,15,13,2,15,12,3
38,6,42,52,5,12,10,2,10,8,3
42,5,38,45,5,15,11,4,12,8,4
12,22,54,88,5,18,13,5,14,11,4
17,20,53,84,4,14,10,4,13,9,4
23,43,67,134,5,17,14,4,14,11,4
18,23,64,98,4,20,16,5,19,15,5
,,,,,,,,,,
,,,,,,,,,,
18,9,43,57,3,32,24,8,27,20,7
5,59,78,168,5,55,41,14,47,34,13
2,53,67,148,7,62,46,16,57,40,16
26,12,49,67,3,36,26,9,31,21,10
31,30,56,101,3,15,12,4,11,7,4
36,32,53,102,4,14,12,2,10,7,3
18,35,65,119,4,22,18,4,17,13,4
28,34,60,113,4,16,13,3,11,8,3
21,30,72,118,6,21,20,2,14,12,2
27,7,56,67,2,20,17,2,13,11,3
18,30,58,103,2,20,16,5,18,13,5
13,31,57,105,3,26,20,5,24,18,6
2,64,58,156,4,37,29,8,32,24,8
6,34,54,107,3,38,28,10,35,24,10
12,36,55,110,8,46,35,10,42,31,11
6,78,66,186,6,74,55,19,69,50,19
39,4,41,47,3,36,24,11,33,22,12
37,4,44,51,3,24,17,7,22,14,7
24,20,59,90,3,16,13,3,13,10,3
18,24,70,107,4,19,15,4,15,11,4
21,24,69,107,4,20,17,3,14,11,3
26,23,66,101,4,26,21,5,21,15,6
10,42,74,138,5,61,43,18,54,36,18
6,74,81,194,6,77,55,22,68,45,22
13,54,67,150,5,63,43,21,59,38,21
16,20,51,82,3,26,18,7,24,16,8
21,39,64,124,5,38,28,11,32,21,11
16,40,79,140,6,26,20,6,20,14,7
12,80,100,223,4,32,27,6,23,17,5
11,79,97,218,5,43,34,10,37,27,10
18,40,71,132,2,50,36,13,43,30,13
31,22,53,86,3,22,17,5,16,11,5
35,23,55,90,3,20,16,4,12,9,4
21,49,84,159,3,28,22,6,21,16,5
29,18,66,94,2,25,18,7,20,14,7
31,16,51,76,2,25,21,4,15,12,4
32,22,55,89,3,29,23,7,23,16,7
29,35,69,122,2,20,14,6,14,9,5
30,24,56,93,1,16,12,4,12,9,4
26,9,47,60,0,18,13,6,14,9,5
51,2,27,30,0,9,5,5,7,3,5
46,6,37,47,1,13,11,2,7,5,2
30,28,62,105,4,13,11,2,9,7,2
20,28,73,116,2,19,16,4,13,10,3
21,22,65,99,2,30,22,8,26,18,8
33,23,56,90,1,24,18,6,19,13,6
40,21,48,80,0,13,12,1,9,7,2
44,17,50,76,4,15,11,4,10,6,3
54,7,44,55,1,14,9,4,9,5,4
43,11,52,69,3,12,9,3,8,5,3
18,19,66,95,3,15,11,3,13,10,3
34,12,57,76,3,20,16,4,14,9,4
46,9,52,66,3,12,10,2,9,6,2
58,3,30,35,0,12,10,2,8,6,2
38,13,49,69,2,13,10,3,9,6,3
35,21,61,94,3,18,15,3,14,11,3
50,9,48,62,3,14,10,4,10,6,4
71,4,31,37,1,14,13,1,9,8,1
51,13,48,67,0,16,13,2,11,9,2
32,20,51,82,0,17,12,5,14,9,4
50,9,34,48,0,12,8,4,9,6,3
56,10,45,60,2,17,14,2,11,8,2
32,29,62,107,1,33,25,8,21,16,4
21,45,77,145,1,30,24,7,24,18,6
21,45,80,149,2,18,14,4,13,10,4
23,36,74,129,2,19,15,4,14,11,3
43,20,55,85,0,14,12,2,8,6,2
44,13,48,68,0,13,11,2,9,7,2
42,9,47,62,0,19,15,4,14,11,4
48,6,46,55,0,16,13,3,11,8,3
22,14,52,74,0,17,13,5,13,9,4
27,6,34,44,0,14,10,4,8,5,2
47,21,55,87,0,14,12,2,7,6,1
44,15,58,81,0,14,12,2,9,8,2
64,4,42,47,0,17,13,4,12,8,4
52,4,45,51,1,15,11,3,9,6,3
20,37,72,129,2,16,14,2,9,8,1
32,31,68,116,2,15,13,2,10,8,2
42,10,58,73,2,21,16,4,15,10,4
34,16,58,84,4,28,22,6,22,16,6
35,13,48,68,0,28,22,7,22,17,6
42,16,52,78,0,18,14,5,14,10,4
33,20,60,91,1,25,21,4,21,17,4
36,18,69,96,1,37,31,6,33,27,6
44,10,60,76,1,42,36,5,36,31,5
30,14,68,91,0,55,43,11,42,33,9
59,12,58,77,1,38,30,8,27,19,8
83,4,44,51,2,29,23,5,22,16,5
82,4,47,53,4,27,23,4,21,17,4
62,9,64,78,3,31,25,6,24,18,6
43,8,56,69,1,30,24,6,25,19,6
47,6,43,52,1,29,23,6,23,16,7
29,9,49,62,2,18,15,3,15,11,4
26,14,52,74,0,18,14,4,16,12,5
27,17,62,88,7,19,14,6,16,11,5
32,13,57,77,2,15,10,5,12,8,4
37,9,38,52,0,11,9,2,9,7,2
37,10,40,56,1,15,11,4,13,9,4
40,3,29,35,2,15,11,3,11,8,3
32,8,40,52,3,14,11,3,11,8,3
51,3,26,30,2,12,12,1,10,8,2
55,3,30,34,0,12,10,2,8,7,2
42,5,37,45,1,14,12,3,12,9,3
23,23,55,90,2,15,12,3,14,10,4
22,31,65,113,2,15,13,2,12,10,2
30,11,52,69,1,15,13,2,12,10,3
32,15,59,81,5,20,17,3,15,11,4
46,3,33,38,1,16,14,2,12,9,3
63,1,23,25,0,16,14,1,12,10,2
68,1,21,23,0,11,10,1,10,8,2
51,6,43,53,2,11,10,1,10,7,2
52,6,44,53,3,16,14,2,13,11,2
39,19,70,99,3,19,17,3,16,13,4
38,10,53,69,2,20,15,5,16,12,4
49,2,28,30,0,13,12,1,10,8,2
49,2,24,27,0,13,11,2,10,7,3
41,10,35,50,2,9,7,2,7,5,2
32,19,50,79,4,15,14,1,12,10,2
28,5,37,44,4,12,12,1,12,10,2
7,,,,2,14,12,2,13,10,3
27,,,,4,17,15,2,14,10,3
47,,,,3,13,12,2,11,8,2
48,,,,2,12,10,1,9,7,2
48,,,,1,10,9,1,8,6,2
32,,,,1,11,9,2,10,7,2
19,,,,1,10,8,2,9,7,3
18,,,,2,10,8,2,9,7,3
32,,,,3,14,12,2,12,9,3
27,,,,3,14,12,2,14,10,3
36,,,,3,12,10,2,11,8,3
18,,,,3,12,11,2,12,9,2
23,,,,2,14,11,2,13,10,3
29,,,,3,11,9,2,10,8,3
23,,,,4,12,11,2,8,6,2
24,,,,3,10,7,2,8,5,3
28,,,,3,12,10,2,10,7,3
20,,,,0,11,10,1,11,9,2
36,,,,3,12,10,2,10,7,2
,,,,,,,,,,
,,,,,,,,,,
19,7,33,44,3,12,8,4,11,6,5
28,9,41,55,2,13,11,2,10,7,3
18,19,46,76,3,14,11,3,12,8,3
31,11,42,59,1,14,12,2,11,8,3
61,1,35,37,2,13,10,2,13,9,4
66,4,43,50,3,16,13,3,15,11,4
78,7,64,75,3,22,18,4,20,15,5
80,14,81,103,2,26,23,3,26,20,5
85,6,67,76,2,29,23,6,27,21,7
25,24,73,110,2,31,24,7,30,21,8
44,8,38,50,1,12,10,2,10,6,3
36,2,32,36,0,11,10,2,9,6,3
41,4,34,41,0,10,9,2,8,6,2
26,6,42,51,0,13,11,2,13,9,3
26,9,47,61,0,17,13,3,15,11,4
36,3,29,33,0,13,11,2,11,8,2
33,5,34,41,0,13,10,2,11,8,3
33,3,34,39,0,12,9,2,11,8,3
32,3,33,37,0,11,8,2,10,7,3
33,4,36,42,0,10,9,2,10,7,2
27,7,35,46,0,10,8,2,9,6,2
22,9,43,57,3,12,9,2,11,8,3
34,22,64,98,1,21,18,3,20,16,4
46,16,69,94,1,26,21,5,26,20,7
40,15,67,90,3,23,17,6,21,14,7
51,8,44,56,2,22,17,5,23,16,7
28,6,35,44,0,10,8,2,12,8,4
32,4,34,40,0,13,10,3,11,8,3
21,15,51,75,8,21,17,4,22,16,6
32,3,33,38,0,14,12,2,13,10,3
42,3,38,44,1,14,12,3,14,10,4
47,1,34,37,3,,,,,,
47,9,41,55,2,,,,,,
34,3,38,44,0,12,10,3,12,8,4
27,8,41,54,1,14,11,2,13,10,4
36,3,36,40,0,12,10,2,10,7,3
37,4,37,44,1,11,8,2,10,7,3
40,3,40,44,3,14,11,3,12,9,4
31,2,33,36,2,10,8,2,9,6,3
46,6,30,39,0,11,10,1,10,8,2
42,2,30,34,0,12,9,3,11,7,3
42,2,31,35,0,12,10,2,11,8,3
33,4,39,45,0,13,11,2,11,8,3
26,20,49,80,1,11,10,1,9,7,2
24,22,55,88,1,12,10,2,10,8,2
30,3,37,42,0,13,11,2,11,8,3
20,4,35,41,0,12,10,2,11,9,3
11,28,63,107,2,17,13,4,14,11,4
8,31,58,106,4,20,16,3,18,14,4
24,21,60,92,2,17,14,2,13,11,2
29,29,65,110,2,19,16,3,17,14,3
22,21,75,107,4,23,18,4,20,16,4
30,30,73,120,4,21,18,4,21,16,5
55,41,65,129,6,26,22,4,26,21,5
46,2,30,33,2,9,7,2,10,7,3
36,20,59,90,3,9,7,2,7,4,2
23,14,54,75,2,10,8,2,10,7,3
29,15,52,75,3,12,9,2,10,7,2
28,30,58,103,3,11,8,3,7,6,2
26,11,54,70,2,14,12,2,13,11,2
31,1,32,35,3,10,8,3,9,6,3
35,5,40,47,3,10,8,2,10,7,3
26,19,57,86,3,9,7,2,7,5,2
16,26,77,116,3,9,8,1,8,6,2
23,6,53,63,2,11,8,2,9,6,3
17,20,67,98,6,11,9,3,11,8,3
24,20,54,84,2,10,8,2,10,7,3
17,18,58,86,3,12,8,3,14,8,5
16,29,52,96,1,18,12,6,16,11,6
30,6,39,48,1,10,7,3,7,5,2
16,29,59,103,1,11,9,2,10,8,2
12,29,75,120,1,15,12,3,14,11,3
21,7,49,61,0,11,8,3,9,7,3
14,27,72,114,3,14,11,3,10,8,2
36,3,36,40,3,13,10,3,11,8,3
25,8,45,58,0,11,8,3,10,6,3
32,5,37,46,0,12,8,3,9,6,3
25,11,46,63,0,11,8,2,9,6,3
22,12,51,70,1,13,10,3,10,8,2
22,18,59,87,0,11,8,3,8,5,3
18,58,66,154,2,13,10,2,10,9,2
3,39,58,119,2,21,16,5,19,15,4
3,46,66,137,2,21,15,6,18,13,5
8,35,69,122,4,21,15,5,18,13,5
12,32,74,123,10,17,14,4,14,11,3
4,56,60,146,7,24,18,7,21,16,6
24,10,48,63,5,12,9,4,8,5,3
15,14,63,84,4,11,7,4,8,6,3
8,26,60,101,5,12,9,3,11,8,3
13,22,55,89,5,15,11,4,13,9,4
33,9,43,57,3,13,10,3,10,7,3
34,7,45,56,0,13,10,3,10,8,2
30,8,52,64,0,12,9,2,9,7,2
6,48,65,138,2,14,11,3,13,10,3
6,26,59,99,4,18,14,4,16,12,4
14,30,52,98,1,13,9,4,11,8,4
4,50,44,121,4,28,21,7,26,20,6
2,61,46,139,5,32,24,9,32,24,8
0,66,54,155,4,55,43,12,62,49,13
14,36,53,108,1,17,11,6,16,10,6
27,28,56,100,1,12,8,4,10,6,3
25,25,53,91,1,11,9,2,10,8,2
16,9,47,60,0,12,9,4,12,8,4
14,24,68,105,1,11,8,3,11,7,4
11,22,62,96,3,15,10,5,15,11,5
28,9,49,64,3,12,8,5,12,8,4
28,12,53,71,1,9,7,2,8,6,2
25,13,57,76,3,10,8,2,9,7,2
19,10,62,77,3,16,14,3,16,14,2
10,28,73,116,3,18,14,4,17,13,4
7,54,77,160,4,26,23,3,26,23,3
3,47,75,147,4,27,23,5,29,24,5
11,19,63,92,1,15,12,3,14,10,4
19,17,66,93,3,11,8,3,11,8,4
20,12,60,78,2,13,9,4,13,9,4
18,13,62,82,4,16,12,3,17,13,4
6,30,70,116,4,22,18,3,23,19,4
8,18,64,91,5,14,11,3,14,11,3
20,12,53,71,3,14,11,3,13,10,3
12,37,63,119,10,20,15,5,21,15,6
1,74,64,177,9,34,25,9,39,28,11
2,34,53,104,4,32,22,10,38,26,12
6,31,55,103,4,18,13,5,18,12,6
15,20,64,94,5,14,10,3,13,10,3
22,15,54,77,3,13,10,4,13,9,4
28,8,45,57,2,11,9,2,12,8,4
10,20,64,95,3,14,11,3,14,11,3
46,6,37,46,5,11,8,3,10,7,4
24,17,69,95,5,12,10,2,12,9,2
2,104,84,244,8,22,17,6,25,19,6
45,5,33,40,3,10,7,2,8,6,2
20,31,72,121,4,10,7,3,10,7,3
8,49,66,141,4,12,8,4,13,9,4
14,51,68,147,6,10,7,3,10,7,3
8,73,82,193,7,15,11,4,15,11,4
1,101,101,256,6,25,20,6,27,21,7
2,68,81,185,6,22,16,6,25,18,7
8,34,81,133,5,16,12,4,16,12,5
11,21,77,110,4,11,8,4,11,6,4
9,37,86,143,4,12,10,2,13,9,3
2,82,91,216,4,,,,17,13,4
9,36,71,126,5,,,,16,11,5
17,53,83,164,4,,,,9,7,2
5,52,70,150,5,20,16,4,20,15,5
20,33,67,118,4,11,7,4,11,6,4
11,64,69,168,4,14,12,2,13,11,2
2,125,85,277,7,28,22,5,28,22,7
1,176,115,386,11,34,26,8,35,27,9
1,111,83,254,10,37,28,9,40,29,10
16,34,58,110,4,20,13,7,20,13,8
31,4,53,59,2,12,10,2,11,9,2
31,4,52,59,0,10,7,2,10,7,3
19,14,65,86,1,12,10,2,11,8,3
7,59,76,166,3,19,16,4,19,15,4
6,47,69,140,3,21,15,7,22,15,7
10,32,54,104,4,10,6,4,10,6,4
12,21,68,100,4,13,11,2,13,10,3
20,12,53,72,3,12,8,5,11,6,4
36,4,37,42,3,14,10,4,10,8,3
36,3,43,48,3,10,7,3,10,6,4
46,3,28,33,0,5,4,2,6,4,2
39,2,38,41,3,10,8,2,9,6,2
31,26,59,99,4,10,9,1,9,8,1
32,6,46,55,0,9,7,3,9,6,3
50,2,34,37,3,9,6,3,9,6,3
57,3,30,34,2,9,8,1,8,6,2
54,1,35,36,3,9,6,3,9,6,3
26,11,63,79,3,10,9,1,,,
10,17,57,83,2,12,11,1,,,
20,8,48,61,3,13,10,3,,,
26,17,62,88,7,13,10,3,,,
20,8,51,64,3,14,9,5,,,
15,8,46,58,3,15,10,5,,,
13,13,38,58,4,13,9,4,,,
20,8,43,54,5,15,12,3,,,
6,61,68,162,7,18,13,4,,,
1,111,85,255,11,28,21,7,,,
1,86,85,216,10,30,22,8,,,
6,44,67,134,8,22,15,7,,,
8,48,58,132,7,23,16,6,,,
10,32,66,116,6,16,10,6,,,
8,70,64,171,9,19,14,5,,,
1,104,79,239,11,30,23,7,,,
2,144,98,318,13,32,25,7,,,
8,47,59,131,9,30,22,9,,,
9,43,62,127,9,27,20,7,,,
16,44,57,124,8,21,16,5,,,
13,25,62,100,9,20,15,5,,,
3,105,94,255,12,32,25,7,,,
6,59,74,165,11,35,27,8,,,
7,48,77,151,8,26,20,6,,,
12,31,68,115,6,25,17,8,,,
22,14,60,82,6,15,11,4,,,
51,3,33,38,5,11,8,3,,,
38,6,41,50,4,10,8,2,,,
37,4,35,42,4,13,9,4,,,
44,5,40,48,4,,,,,,
45,6,40,49,3,13,12,1,,,
21,38,72,131,5,12,9,3,,,
21,45,64,133,6,11,10,0,,,
17,11,58,75,3,12,9,3,,,
37,19,54,83,4,13,10,3,,,
42,10,48,63,5,9,6,3,,,
22,47,58,131,7,11,10,0,,,
15,44,65,133,6,12,10,2,,,
6,70,71,179,8,19,14,4,,,
20,14,51,72,4,14,10,4,,,
23,12,41,60,5,9,5,4,,,
11,51,59,136,7,23,19,4,,,
8,38,56,114,7,38,33,6,,,
14,20,46,76,6,42,35,6,,,
11,33,65,116,,12,8,4,,,
7,54,81,163,4,15,13,2,,,
16,27,59,101,3,19,16,3,,,
10,44,60,127,5,37,29,8,,,
6,54,61,144,7,38,27,11,,,
2,148,92,319,10,43,32,10,,,
13,32,53,102,4,25,17,8,,,
25,26,55,94,2,16,11,5,,,
26,31,52,99,2,14,11,3,,,
28,25,51,89,2,23,19,4,,,
29,22,48,81,2,14,11,3,,,
23,33,50,100,2,20,17,3,,,
,,,,,37,30,7,,,
,37,68,124,5,19,14,5,,,
21,46,78,149,4,19,13,5,,,
25,44,76,143,4,17,13,4,,,
32,33,69,119,3,15,11,4,,,
17,68,90,194,6,24,18,6,,,
10,77,94,211,6,39,27,12,,,
12,107,102,265,8,40,30,10,,,
2,114,109,284,9,50,38,12,,,
1,140,105,319,7,51,37,14,,,
1,124,76,266,6,38,27,11,,,
4,66,50,151,4,27,19,9,,,
35,20,45,75,2,14,10,4,,,
47,25,47,85,3,10,7,2,,,
39,37,60,116,3,12,10,2,,,
14,65,86,186,6,16,13,3,,,
16,46,82,152,7,18,13,5,,,
41,7,46,57,3,14,11,3,,,
55,5,34,41,3,10,7,4,,,
38,15,54,76,4,10,7,3,,,
6,73,98,210,7,21,16,5,,,
14,39,73,133,5,29,21,8,,,
12,54,69,152,5,38,28,10,,,
17,45,84,152,5,26,20,6,,,
16,40,74,136,6,40,28,12,,,
22,31,66,114,4,31,22,8,,,
36,21,54,86,3,25,19,6,,,
39,28,62,105,4,25,21,4,,,
35,30,68,113,4,25,21,5,,,
27,33,77,128,5,29,22,7,,,
32,34,75,127,5,29,22,7,,,
45,17,63,89,4,17,13,4,,,
46,20,60,91,4,18,15,3,,,
43,14,61,83,3,14,11,3,,,
54,13,48,68,1,20,16,5,,,
50,22,55,88,1,14,11,3,,,
44,24,58,94,1,20,16,4,,,
39,27,62,104,2,22,17,5,,,
42,27,60,101,2,17,14,3,,,
40,20,63,94,1,16,13,3,,,
45,10,63,79,2,27,20,7,,,
34,25,70,109,4,34,24,11,,,
15,45,71,139,4,35,25,10,,,
21,32,55,105,3,47,32,16,,,
21,40,68,129,4,25,17,8,,,
30,12,59,78,3,13,9,4,,,
41,5,36,44,2,17,13,4,,,
67,2,15,18,2,16,12,5,,,
67,3,25,30,3,16,13,3,,,
58,4,28,34,2,15,13,3,,,
53,4,24,30,2,17,12,5,,,
68,4,25,30,2,14,12,2,,,
28,34,64,116,3,14,13,1,,,
33,15,51,75,2,13,10,4,,,
53,8,38,51,3,15,11,4,,,
54,4,23,29,3,16,12,4,,,
31,21,53,85,3,17,13,3,,,
16,14,40,62,2,17,13,4,,,
34,18,38,66,3,22,15,8,,,
29,36,57,112,4,13,8,5,,,
34,23,50,86,4,12,10,2,,,
51,5,29,37,3,11,7,4,,,
40,25,52,91,4,10,8,2,,,
31,24,50,87,3,14,11,2,,,
32,23,50,85,3,16,12,4,,,
27,31,67,115,3,12,10,2,,,
34,27,69,110,4,15,12,4,,,
54,4,27,34,,11,9,2,,,
46,5,30,37,,12,10,2,,,
44,10,33,48,,16,12,4,,,
19,43,90,156,,25,19,5,,,
32,10,44,59,,23,15,8,,,
56,3,18,23,,13,9,4,9,6,3
55,4,27,34,2,11,9,2,7,6,1
55,5,30,38,2,8,6,3,5,3,2
44,5,27,36,2,11,9,2,6,4,1
56,5,29,36,2,11,7,4,6,4,2
51,6,32,41,2,10,6,4,8,5,3
47,8,37,49,2,10,8,2,5,5,0
28,21,63,96,3,16,12,3,12,10,2
25,29,70,114,2,14,11,3,13,10,3
32,20,59,90,2,14,11,4,13,10,3
22,26,69,109,2,25,19,7,26,19,7
15,34,64,116,2,26,20,6,26,20,6
25,29,55,99,2,18,14,5,15,12,3
28,31,57,104,2,14,9,5,10,7,3
26,32,58,107,3,9,7,3,5,4,1
15,31,65,112,3,10,8,2,6,5,1
31,21,58,90,2,14,11,3,11,9,2
48,14,53,75,3,12,9,3,10,8,2
78,2,23,25,3,14,10,4,11,8,3
36,13,56,75,3,18,13,5,15,11,4
15,30,66,111,3,17,13,4,14,11,3
20,30,62,107,3,17,13,4,15,13,2
34,22,73,106,2,21,17,4,18,16,3
22,19,44,73,2,11,9,2,8,7,1
34,15,45,68,4,11,9,3,7,6,1
30,12,44,63,3,12,9,3,7,6,1
33,21,43,75,4,10,8,2,6,5,1
31,17,45,71,3,14,11,3,9,8,2
35,17,45,71,3,13,10,3,9,8,1
30,19,46,75,3,12,9,3,8,7,1
39,13,27,47,3,10,7,3,7,6,2
32,12,24,42,3,8,5,3,5,3,1
36,12,43,62,3,10,7,2,8,6,1
30,12,47,65,4,15,12,3,11,9,2
25,5,25,33,3,9,6,3,5,4,1
35,5,27,34,5,10,7,3,5,5,0
37,5,26,33,4,10,7,3,6,5,1
44,3,17,22,2,9,8,2,6,5,1
43,3,19,24,2,10,8,2,7,6,0
29,23,60,94,4,15,13,3,10,9,1
19,20,53,83,3,21,16,4,20,17,2
23,24,69,106,2,27,20,7,26,21,5
26,13,53,73,4,32,23,9,38,27,10
32,6,31,39,2,15,11,4,14,11,3
40,3,16,20,2,9,5,4,7,4,2
35,5,21,28,3,7,5,2,4,3,0
22,20,47,78,5,9,7,2,5,5,0
20,22,55,88,7,11,9,3,8,8,0
20,30,63,109,5,14,12,3,13,11,1
28,17,44,70,3,11,8,4,10,8,2
6,22,38,71,6,10,7,3,7,6,1
31,18,41,68,6,10,7,2,7,6,0
22,8,24,36,5,11,7,4,8,6,2
33,10,34,49,7,9,7,3,9,8,1
26,9,37,50,5,12,9,3,11,9,2
11,20,34,65,11,8,7,2,4,4,0
21,10,28,43,11,12,10,2,7,7,1
31,9,45,59,13,14,12,2,12,12,1
44,9,53,66,14,20,16,3,19,16,3
57,6,46,56,8,,,,26,19,7
52,10,39,55,5,,,,14,11,3
29,17,43,69,3,15,11,4,8,6,2
27,19,44,73,3,15,11,4,9,8,1
43,13,37,56,4,11,8,3,6,6,1
33,15,44,67,6,13,10,3,10,9,1
36,22,63,97,,,,,,,
55,12,57,75,,,,,19,16,3
36,16,64,89,,,,,11,8,2
42,21,76,108,,,,,20,18,2
57,6,61,71,,,,,18,16,2
39,10,43,59,,,,,12,10,2
39,10,29,44,,14,11,3,9,8,1
24,9,20,34,,12,9,3,8,6,2
53,4,27,33,,24,19,5,19,17,3
64,9,41,54,,,,,,,
45,7,50,60,,,,,,,
32,7,22,33,,16,11,5,8,7,1
29,6,23,32,,,,,8,7,1
39,6,29,38,,15,12,3,7,7,1
31,11,47,64,,19,16,3,12,10,2
45,2,9,12,,,,,,,
40,3,13,17,,,,,6,6,0
21,7,23,34,,,,,,,
,,,,,,,,,,
,,,,,,,,,,
,,,,,,,,,,
43,2,13,16,,,,,,,
44,2,13,15,,,,,,,
29,7,33,43,,,,,,,
25,14,43,64,,17,16,1,8,8,1
33,11,45,62,,25,23,2,,,
43,13,45,65,,27,24,3,,,
27,22,43,77,,17,14,3,7,7,0
34,7,33,43,,16,13,3,6,6,0
38,4,21,28,,14,11,3,4,4,0
20,21,41,74,,17,14,3,5,4,0
21,14,38,60,,15,13,2,5,5,0
21,18,33,60,,19,16,3,9,8,1
17,7,20,31,,18,15,3,7,7,1
17,7,23,34,,18,15,3,9,8,1
26,5,20,27,,18,14,4,8,7,1
32,4,18,23,,16,13,3,4,4,0
30,18,42,70,,18,16,2,5,6,-1
,,,,,,,,,,
,,,,,,,,,,
3,30,50,96,2,,,,14,12,2
42,12,62,81,6,50,43,7,38,31,7
20,16,46,71,2,40,30,10,36,24,12
40,11,33,49,2,17,14,2,14,13,2
48,5,33,41,1,22,19,4,14,12,2
23,23,58,94,1,19,18,1,13,11,2
36,13,54,75,1,,,,16,13,3
26,9,47,61,2,,,,13,11,2
25,5,25,32,1,,,,5,4,1
25,17,41,67,2,15,16,-2,8,8,0
32,4,28,34,1,12,12,0,7,6,1
20,17,40,66,1,10,10,0,6,6,1
13,34,58,111,3,19,19,-1,13,12,1
20,42,75,140,9,41,37,4,30,25,5
24,30,74,120,4,47,37,10,36,27,9
19,13,39,59,2,17,15,2,14,11,3
36,4,28,35,1,5,5,0,4,4,0
30,3,27,32,2,5,5,0,5,4,1
9,34,56,109,4,10,9,1,7,6,1
13,23,47,82,6,11,10,1,9,8,1
11,26,41,81,8,9,9,0,8,7,1
5,25,41,79,7,10,9,1,10,8,2
2,44,37,103,2,10,8,1,10,7,3
15,18,38,66,1,11,10,0,8,7,1
22,15,28,52,2,10,8,2,8,6,2
26,12,36,54,2,10,10,1,5,5,1
12,28,40,84,3,13,12,2,8,7,1
13,28,49,92,3,9,8,0,7,6,1
10,18,45,72,2,10,10,0,7,7,0
10,25,54,93,2,12,13,-1,8,9,0
12,12,35,54,2,20,20,0,14,13,0
8,15,27,51,1,8,7,1,9,7,2
5,27,38,80,4,17,15,2,15,12,3
4,59,63,154,4,45,36,9,38,29,9
8,33,65,116,5,63,47,16,56,41,16
16,17,44,71,2,25,18,7,17,11,6
12,27,48,89,4,21,18,3,14,11,3
13,24,48,84,3,30,24,6,20,15,5
24,13,35,55,2,26,23,3,16,13,2
15,25,48,87,7,30,26,3,19,17,3
5,31,66,114,7,39,33,6,28,23,6
6,33,52,103,6,31,26,5,25,21,4
1,51,53,130,5,29,24,5,22,18,4
25,4,41,48,3,11,10,1,7,6,1
8,17,52,78,2,10,8,1,8,7,1
21,22,49,83,2,13,11,2,11,9,1
19,6,43,51,1,13,11,2,11,9,2
14,9,45,59,1,11,9,2,8,7,2
20,15,52,76,1,11,8,3,6,4,2
23,21,50,82,2,12,11,1,6,5,1
22,25,49,87,2,15,14,1,9,8,0
17,23,54,89,2,14,12,3,12,9,2
11,11,50,68,3,10,6,3,9,6,3
11,14,45,66,3,12,9,3,9,7,2
5,36,60,115,4,19,15,3,15,12,3
11,33,60,110,3,17,14,3,12,9,3
22,13,54,74,2,16,14,1,9,8,1
13,23,55,90,3,21,18,3,12,10,2
13,11,48,65,3,18,15,2,12,10,2
33,5,42,49,3,13,11,2,7,6,1
28,6,44,54,3,12,10,2,7,6,1
21,10,44,60,5,15,13,2,10,8,2
34,4,43,49,4,12,11,0,6,6,0
10,24,63,99,3,16,14,2,9,8,1
25,8,42,54,3,16,14,3,10,8,2
45,2,32,35,3,12,9,3,7,5,1
49,2,23,25,4,15,12,3,7,6,2
42,3,33,38,5,7,6,1,3,4,0
22,11,51,69,3,10,10,0,5,6,-1
19,12,56,74,2,14,13,1,8,8,1
22,8,49,60,2,13,11,2,7,6,1
21,12,53,71,3,13,10,3,9,7,2
30,7,36,48,5,17,14,3,12,9,2
42,4,34,40,5,9,6,2,6,4,2
18,33,61,112,7,10,9,1,7,7,0
12,13,61,81,6,11,10,1,7,7,0
24,19,48,77,5,13,12,1,8,7,1
16,15,60,83,4,11,10,1,7,7,0
7,26,73,113,5,14,12,2,9,8,1
10,19,65,94,5,13,11,2,11,9,2
13,28,63,106,4,14,14,0,12,12,0
8,19,63,92,2,9,7,2,7,6,1
6,38,65,123,3,16,15,1,10,10,1
6,42,71,135,2,21,18,3,13,11,2
16,30,66,111,3,16,15,1,9,8,0
9,60,77,169,4,27,25,2,14,13,1
4,98,81,231,5,29,26,3,22,20,3
3,24,59,96,4,28,23,5,21,16,5
2,31,56,103,5,21,15,7,18,12,5
10,35,70,124,5,13,10,3,8,6,2
8,23,68,103,6,12,8,4,8,5,3
14,34,60,113,7,16,15,1,9,9,0
12,40,67,128,5,15,14,1,8,7,1
9,39,65,125,5,15,13,3,12,9,2
16,19,56,86,3,15,13,2,10,8,2
10,41,66,128,3,20,19,2,10,9,1
4,43,77,142,4,21,18,3,14,12,2
2,61,73,167,4,25,20,5,20,16,4
2,52,68,148,4,31,25,7,23,18,6
12,25,66,104,4,18,13,5,12,8,4
13,29,58,103,5,21,19,2,9,9,0
4,36,69,124,4,22,19,2,15,13,2
5,37,73,130,3,28,24,4,16,12,3
15,20,63,94,3,28,24,4,15,13,2
5,46,75,145,5,25,21,4,18,15,3
18,22,67,101,3,18,14,3,9,6,2
14,29,77,122,3,11,13,-2,9,9,1
9,14,62,84,3,13,12,1,13,10,3
25,5,46,54,2,7,7,0,7,6,1
14,22,63,98,3,14,14,0,13,11,2
6,46,69,140,3,33,28,5,32,25,6
5,283,123,557,,59,53,6,52,44,8
4,74,74,188,5,47,39,8,42,34,9
9,19,61,89,4,25,22,3,21,16,5
32,6,45,54,2,18,16,2,10,7,2
36,3,35,39,2,7,6,1,6,4,2
28,11,51,67,3,,,,7,6,1
15,46,76,146,4,15,12,3,13,9,3
28,11,51,68,5,13,9,4,10,6,4
28,9,55,70,5,12,13,-1,7,8,0
26,9,50,63,2,17,16,1,8,8,1
48,2,27,31,3,7,5,1,5,3,2
42,3,36,41,3,8,8,0,5,5,0
48,3,30,34,5,8,6,2,5,2,3
51,2,33,36,8,8,9,0,4,4,0
40,4,38,45,7,8,8,0,4,5,0
21,8,53,65,5,12,11,1,10,9,1
49,2,32,36,6,18,17,1,9,8,1
26,11,60,77,5,12,13,-1,7,7,0
11,18,59,86,3,17,16,1,13,12,1
42,4,37,43,2,13,12,1,7,6,1
38,3,43,48,3,11,9,1,7,5,2
54,2,23,26,2,9,8,1,5,3,2
38,5,39,46,2,12,12,0,6,6,0
54,3,32,36,2,16,15,0,8,7,1
40,4,41,48,2,10,9,1,6,5,1
33,5,41,49,1,8,6,2,6,4,2
53,3,29,33,2,18,17,1,8,8,0
44,3,34,39,0,18,17,1,9,8,0
24,10,48,63,1,17,15,2,9,8,1
29,10,48,62,2,10,9,2,6,5,0
20,13,55,75,2,12,10,2,7,6,1
21,28,64,107,2,11,10,0,9,9,1
9,58,65,154,3,23,19,4,21,16,5
31,9,51,66,1,11,10,1,6,4,2
19,24,67,104,2,13,12,1,9,8,1
25,8,52,64,1,11,10,1,7,5,2
33,8,45,57,2,11,11,1,6,5,2
29,9,54,68,2,10,10,0,6,6,0
14,17,51,78,2,16,15,1,10,8,2
19,10,55,70,2,14,13,1,9,9,0
2,171,111,373,7,38,34,4,27,24,3
7,125,88,279,5,37,31,6,29,23,6
15,19,59,88,1,16,15,1,10,9,1
7,32,76,125,2,18,15,2,9,7,1
8,28,65,108,2,20,17,3,12,10,2
24,11,51,68,1,12,9,3,9,6,3
36,5,47,55,3,13,10,3,7,4,3
34,7,45,55,1,10,9,1,5,5,1
29,11,54,71,2,10,10,1,6,5,1
11,42,67,132,2,15,13,1,12,10,2
2,56,65,151,2,24,19,5,20,16,4
13,44,57,124,1,18,13,5,16,10,5
49,3,33,39,3,13,12,1,6,6,0
39,4,40,46,2,20,19,1,9,9,0
23,17,52,78,2,17,14,3,9,7,2
36,10,46,61,2,11,9,2,6,4,2
46,7,38,49,3,14,14,0,7,7,1
30,16,54,79,2,12,11,1,7,6,2
32,14,50,72,3,9,8,1,6,6,1
57,3,28,32,4,14,12,1,7,5,1
54,3,28,32,3,11,12,0,6,6,-1
22,19,65,94,2,10,9,1,6,6,0
32,7,53,64,1,11,10,1,5,5,1
42,4,39,46,,,,,,,
37,9,49,62,2,,,,,,
32,13,49,70,3,,,,,,
50,4,30,35,2,,,,,,
25,9,49,62,0,,,,,,
22,13,56,76,1,,,,,,
21,11,55,72,2,,,,,,
19,13,54,75,2,16,14,2,12,9,2
33,6,45,54,2,10,8,2,6,4,2
39,5,43,51,2,14,13,0,6,6,1
42,5,40,47,2,16,16,0,8,7,0
54,2,28,31,1,15,14,1,8,6,1
34,8,44,57,2,18,16,2,11,9,2
48,4,43,50,1,15,14,1,8,7,1
30,7,48,59,1,21,20,1,9,8,1
38,9,52,66,2,16,13,2,9,6,2
14,37,75,132,3,14,12,2,10,8,1
15,33,73,123,4,26,21,5,19,15,5
40,4,40,46,3,13,10,3,8,5,3
25,33,70,120,5,,,,,,
,,,,,,,,,,
,,,,,,,,,,
33,8,48,60,1,25,23,2,15,13,2
23,19,61,91,1,20,18,2,14,12,2
35,9,53,66,2,35,27,8,30,22,8
37,6,60,70,2,42,32,10,37,27,10
19,27,69,110,3,28,23,4,20,16,4
29,23,55,91,1,30,26,4,17,13,4
9,49,70,146,4,50,39,11,39,29,10
8,69,87,192,2,76,57,19,65,46,19
16,56,82,167,3,75,55,21,63,43,20
30,17,63,89,1,20,14,6,14,8,6
34,9,52,65,1,14,11,3,10,7,3
18,14,53,74,1,21,17,4,15,12,4
33,7,49,60,2,17,14,3,10,8,3
34,6,45,54,1,22,20,2,11,10,2
52,3,34,39,2,26,22,4,15,11,4
50,5,38,45,1,14,11,2,6,4,2
53,3,32,36,2,10,7,3,5,4,1
32,22,52,86,2,9,9,0,6,6,0
33,16,52,76,1,15,12,3,11,8,3
23,26,67,107,2,23,19,4,16,13,3
13,44,75,142,1,21,16,5,16,11,5
13,32,75,123,2,29,22,7,25,18,8
9,46,79,149,4,54,40,14,48,33,15
16,45,81,150,4,57,41,16,49,34,15
15,45,85,153,8,44,34,10,37,27,11
23,16,74,99,1,27,23,4,20,16,4
10,54,92,175,2,40,32,8,32,25,7
7,50,92,169,6,76,59,17,56,40,16
13,34,61,112,3,69,50,19,53,36,17
29,7,49,60,1,29,18,11,23,15,8
40,4,39,46,0,12,8,4,9,6,3
32,3,27,32,0,7,2,5,5,3,2
30,6,40,50,1,9,4,4,6,4,2
44,10,52,67,1,12,10,2,6,5,0
33,12,59,77,1,20,17,3,11,9,2
31,14,64,86,1,17,14,3,9,8,2
27,21,69,101,2,20,17,3,12,10,2
33,10,57,72,2,22,18,4,15,11,3
47,10,42,57,0,16,13,3,8,7,2
33,22,63,96,2,19,17,1,9,8,1
36,15,51,74,1,20,17,2,7,6,1
46,8,51,64,2,26,23,4,14,11,3
29,24,69,105,2,30,24,6,18,13,4
41,13,46,65,1,17,14,3,8,6,2
45,10,46,61,1,19,16,3,10,7,2
26,18,53,81,2,50,42,8,43,36,7
32,20,61,92,2,35,27,8,30,23,7
45,6,42,51,1,20,14,6,16,12,4
48,7,47,58,2,17,13,4,12,9,3
34,14,59,80,2,14,9,5,11,8,4
15,26,57,96,2,24,15,9,22,14,8
52,4,40,46,2,12,9,4,9,5,3
45,6,39,48,2,13,11,3,10,8,2
28,16,55,80,1,28,20,8,23,16,7
24,18,71,98,2,35,23,11,28,19,9
36,42,62,126,2,31,21,10,26,18,8
23,21,61,94,1,19,13,6,17,13,5
25,25,67,106,2,20,15,5,13,10,3
38,17,55,82,1,14,11,3,9,7,2
70,2,32,35,2,17,14,3,12,9,3
77,2,39,42,3,24,16,7,17,12,5
59,3,34,39,2,12,8,4,8,6,2
53,4,33,39,1,11,9,2,5,4,1
33,7,38,48,2,9,6,3,6,4,2
53,4,34,41,1,14,11,3,7,6,1
51,3,24,28,3,11,7,4,6,3,2
57,2,24,27,3,12,10,2,5,4,1
40,8,45,57,2,10,9,2,5,5,0
18,16,61,86,2,11,10,1,8,8,0
23,24,68,104,1,14,11,3,9,8,1
33,13,64,84,1,21,16,5,15,11,3
31,25,75,114,2,27,21,6,20,15,5
42,11,62,78,2,30,23,7,23,17,5
67,3,49,53,1,26,18,7,21,16,6
56,9,65,80,4,38,27,11,31,22,9
63,3,46,51,2,17,11,6,13,10,4
51,8,49,61,1,15,10,6,11,7,3
43,6,45,54,2,10,6,4,7,5,2
48,6,43,52,1,14,11,3,8,7,1
45,4,42,48,1,9,7,2,8,6,2
56,2,25,28,1,11,9,2,7,6,1
14,23,62,97,1,12,9,3,8,7,2
22,23,60,95,1,12,8,3,10,7,2
13,26,55,95,1,9,6,3,8,6,2
18,23,58,93,1,19,15,4,15,12,3
22,24,52,89,1,19,15,5,15,12,3
34,14,57,78,1,16,12,4,13,10,3
47,8,51,63,2,21,17,5,17,14,3
44,5,36,43,2,12,7,4,9,6,2
32,8,36,47,2,10,6,4,7,4,2
33,5,40,47,3,8,5,3,6,3,2
40,5,39,47,1,11,10,1,8,7,1
43,12,62,81,2,23,21,2,14,11,3
42,9,50,63,2,24,22,1,15,13,3
48,4,38,43,0,13,11,2,9,8,2
42,9,50,64,2,21,18,3,17,13,4
44,4,33,39,0,15,13,2,9,7,2
40,6,41,50,1,18,15,2,10,9,1
35,11,68,85,1,21,19,2,14,12,3
39,14,67,88,2,25,23,2,17,14,3
32,9,40,53,2,16,14,2,12,10,3
32,8,32,44,0,9,7,2,6,5,2
24,16,41,66,1,14,13,1,8,6,2
34,13,40,59,1,17,15,2,9,8,1
19,18,36,64,1,12,10,2,8,6,2
10,22,47,80,2,20,18,2,15,12,3
29,8,42,55,1,16,14,1,10,8,2
45,6,41,50,2,16,14,2,11,9,2
39,6,42,51,2,18,16,2,12,9,3
30,15,61,85,2,19,17,3,14,11,3
26,15,54,78,1,22,19,4,17,13,4
38,11,44,60,1,11,8,2,7,5,2
43,9,50,64,2,17,15,2,10,8,2
41,3,30,35,2,17,14,3,13,10,3
23,8,37,49,1,12,10,2,8,6,2
38,6,37,46,2,10,9,2,8,6,1
34,8,48,61,1,13,12,1,10,8,2
36,11,53,69,1,15,14,1,10,8,2
28,13,54,75,1,16,14,1,12,10,2
60,3,35,39,3,15,13,2,11,8,3
51,3,27,31,2,14,11,2,9,7,2
31,3,26,32,3,8,7,1,7,5,2
33,4,31,37,2,12,10,1,8,7,1
31,5,31,39,1,12,11,2,8,6,1
17,16,54,79,1,14,12,2,11,9,2
28,15,43,66,2,18,16,3,12,9,3
21,17,50,76,2,16,15,1,11,9,2
15,21,49,81,1,18,15,2,14,11,3
44,5,37,44,2,20,17,3,17,13,3
25,6,30,39,3,10,7,2,8,6,2
45,5,26,34,2,11,9,2,8,6,1
35,6,30,40,2,13,12,1,10,8,2
33,9,39,52,2,14,13,1,11,9,2
35,7,35,46,2,14,13,1,11,9,3
60,5,42,49,3,26,22,4,21,16,5
61,3,40,44,3,19,18,1,15,13,2
44,2,35,39,3,20,18,2,18,15,3
29,11,42,58,2,19,17,2,17,14,3
35,9,40,54,1,17,15,2,14,11,3
54,7,38,49,2,22,19,3,17,13,3
50,7,39,50,1,22,20,2,16,13,3
30,10,49,65,1,23,21,2,18,15,3
46,5,42,50,1,20,18,2,17,14,3
45,4,33,40,1,12,10,2,11,8,3
34,8,37,49,2,11,10,1,8,6,2
39,9,36,50,2,11,9,2,10,7,3
43,7,42,52,2,16,14,2,12,10,2
37,5,45,53,2,17,15,2,13,11,3
39,5,40,47,1,16,14,2,13,10,3
42,4,39,45,2,12,10,2,10,8,3
53,2,26,29,2,9,8,1,7,5,1
38,5,40,49,1,12,11,1,8,6,2
40,5,40,47,2,13,11,1,10,8,3
38,4,44,50,1,,,,,,
29,12,59,78,1,,,,,,
27,12,62,82,3,,,,,,
39,3,31,36,1,13,12,1,10,8,2
40,4,29,35,2,8,6,2,7,5,2
36,4,29,35,1,10,9,1,7,5,1
47,3,33,38,1,12,10,2,9,6,2
31,12,47,66,2,11,10,2,8,6,1
21,12,57,76,1,13,11,2,9,8,2
17,20,52,82,1,15,14,1,11,10,1
39,7,41,51,1,10,8,2,8,5,2
44,4,28,35,2,8,6,2,6,4,2
24,11,44,60,2,10,9,1,7,6,1
28,15,55,77,2,9,8,1,6,5,1
,,,,,,,,,,
,,,,,,,,,,
29,14,45,67,2,10,9,1,7,6,2
34,9,47,61,2,11,10,1,7,6,1
40,6,37,46,1,12,10,2,9,7,2
17,9,42,56,2,10,7,2,10,6,4
18,16,45,71,2,15,14,1,11,9,2
23,14,56,77,2,21,19,3,17,13,4
30,4,31,38,2,13,10,2,10,7,3
36,3,29,34,2,18,16,2,11,9,2
37,4,31,37,1,12,11,1,9,7,2
28,10,43,59,1,13,11,1,11,9,2
8,16,44,68,1,14,12,2,11,9,3
22,13,46,65,0,18,15,3,15,12,4
33,13,51,71,1,33,24,8,27,19,8
21,15,57,79,2,36,29,6,30,22,8
22,18,69,97,2,41,33,8,37,28,9
17,12,68,86,4,53,41,11,48,36,12
18,15,56,79,7,34,27,7,31,23,8
24,19,62,91,6,28,24,4,,,
22,17,64,90,3,28,23,4,,,
20,27,57,99,4,23,20,3,,,
11,29,60,104,3,37,35,2,,,
27,14,59,80,1,25,23,2,,,
28,12,53,72,1,23,19,4,,,
32,9,43,56,2,22,19,3,,,
19,16,61,86,2,26,22,4,,,
28,18,58,84,3,51,38,13,45,31,14
35,12,59,77,2,51,40,11,47,34,13
30,15,67,90,3,56,43,13,50,35,15
14,25,73,112,3,46,35,11,41,29,12
16,14,56,78,2,29,21,8,29,20,10
30,11,48,65,4,16,14,3,13,10,3
15,27,70,112,43,35,33,3,32,29,3
16,32,73,122,29,46,42,4,43,38,6
16,21,58,90,6,26,23,3,23,19,4
14,14,54,76,1,15,14,1,11,9,2
15,21,56,89,2,13,11,1,11,8,3
8,25,58,96,2,20,18,3,16,13,3
13,25,64,102,4,31,25,7,28,20,7
12,51,68,145,4,38,31,7,34,26,8
39,3,38,43,1,24,20,4,21,16,5
15,12,57,75,1,16,14,2,12,9,3
7,25,55,93,2,22,19,3,16,12,4
23,7,44,55,1,21,16,5,18,12,6
17,13,52,71,2,15,11,4,13,9,4
17,16,50,75,2,12,9,4,10,7,4
15,17,58,85,4,13,10,4,10,7,4
22,9,50,65,4,11,9,2,10,8,2
19,16,56,82,4,16,14,2,12,9,3
31,6,44,53,4,20,18,1,12,11,2
19,14,53,75,1,17,15,2,13,10,2
19,9,56,69,1,12,10,2,11,8,3
19,28,54,96,2,16,12,3,13,9,4
15,28,54,97,3,8,6,2,9,6,3
6,26,59,99,1,14,11,2,12,9,3
7,27,59,101,2,22,17,5,17,11,5
18,11,53,70,1,18,16,2,11,9,2
22,8,48,61,1,18,16,2,12,10,2
30,3,34,39,1,16,14,2,11,9,2
41,2,24,27,2,13,11,2,9,6,3
31,4,33,39,2,10,7,2,7,4,3
37,11,39,56,4,11,9,2,9,6,2
16,18,67,94,1,20,19,2,13,11,2
28,5,41,49,1,14,12,2,10,7,3
16,9,51,64,2,10,9,2,10,7,3
25,5,46,53,2,11,9,2,9,7,2
41,2,38,41,1,10,9,1,9,6,2
25,7,45,55,2,14,13,2,12,9,3
16,10,48,63,2,21,18,4,16,13,4
11,24,62,99,1,17,13,3,15,11,4
8,19,55,84,1,37,31,6,31,24,6
12,14,61,82,2,32,28,4,24,19,5
35,3,40,44,1,20,17,3,14,11,4
42,2,32,35,3,14,11,3,10,6,4
21,10,59,74,2,10,7,4,8,5,4
8,36,75,130,3,15,12,3,12,9,3
4,49,73,147,2,27,24,3,23,19,4
11,42,70,134,2,30,26,4,25,19,5
30,6,47,57,2,11,9,2,9,6,3
31,4,49,56,1,18,16,2,15,12,3
15,13,62,82,2,21,18,3,18,15,4
21,12,56,74,4,14,11,2,13,9,4
20,18,49,78,2,14,11,3,11,8,3
20,16,56,82,2,12,11,1,10,8,2
12,22,61,94,1,15,13,2,12,8,3
15,32,68,116,2,17,15,2,14,10,3
3,56,78,164,3,23,20,3,20,15,5
3,38,61,119,3,24,19,4,23,17,6
12,26,66,106,2,14,10,4,15,10,5
4,48,62,136,2,23,19,4,21,16,6
1,67,62,164,2,38,31,7,36,27,8
1,90,72,211,2,44,35,10,41,30,11
1,59,59,150,2,40,30,10,37,26,11
2,36,55,109,2,29,23,6,26,19,7
10,26,64,104,1,12,7,5,13,7,6
2,106,93,256,4,26,22,4,20,16,4
1,83,81,207,3,27,21,6,23,16,7
0,100,69,222,3,28,23,6,26,19,6
1,92,61,202,2,25,20,5,22,17,5
1,60,56,149,2,35,31,5,26,21,5
1,86,59,191,4,47,43,4,38,32,6
2,88,60,195,2,34,27,6,30,22,8
7,34,46,98,1,31,26,4,26,21,5
13,37,57,113,2,21,18,3,16,12,4
14,37,62,119,1,21,19,3,13,10,3
10,54,48,131,3,23,19,4,19,14,4
2,54,70,153,3,24,20,4,20,15,5
4,42,75,140,2,24,20,5,19,14,5
25,12,55,74,1,11,9,2,8,5,3
17,23,65,101,2,13,12,1,9,7,2
15,27,65,106,1,17,14,3,11,8,3
31,10,55,69,1,16,14,2,9,6,2
32,12,53,71,2,12,10,2,8,5,3
26,17,64,90,3,10,9,1,8,6,2
4,48,76,151,2,21,19,2,15,13,2
21,10,51,66,1,15,12,2,11,7,3
16,26,73,113,1,14,12,2,11,8,2
3,52,87,166,2,22,18,4,18,13,5
18,15,59,82,2,10,8,2,8,6,2
33,5,39,47,2,6,4,2,6,4,3
28,16,57,83,2,11,9,1,7,6,1
25,10,60,75,1,13,11,1,7,6,1
40,3,36,40,1,7,5,2,6,4,2
38,3,32,37,2,10,8,2,7,5,2
45,3,31,36,2,8,6,2,7,4,2
32,14,50,72,3,8,7,1,5,4,1
23,13,61,81,2,13,12,0,9,8,1
16,12,55,73,2,13,8,4,10,5,5
21,30,49,95,8,10,9,1,10,8,1
14,33,59,109,3,19,19,0,13,12,1
3,57,77,165,2,26,22,4,22,18,5
2,70,80,186,2,33,27,6,30,23,7
14,19,60,89,1,28,23,5,22,17,5
34,2,29,32,1,25,20,5,19,14,5
29,12,56,74,1,15,13,2,9,7,2
14,23,67,103,2,13,10,3,10,7,3
5,24,62,100,1,25,18,7,25,17,8
12,17,56,83,1,19,13,5,16,10,6
16,21,63,96,2,14,11,3,10,7,3
21,12,52,70,2,17,14,2,9,6,3
27,15,62,85,1,11,9,2,9,7,3
41,5,34,41,2,11,8,3,7,5,3
41,8,40,52,2,10,7,3,6,4,2
43,4,35,41,1,15,13,1,7,6,1
45,4,38,43,2,11,8,2,7,4,3
38,6,45,55,3,9,7,3,5,3,2
41,7,40,50,1,11,9,2,6,4,2
48,5,38,46,4,14,12,2,8,6,1
21,22,69,102,2,17,17,0,9,9,0
18,13,64,83,2,15,13,2,11,9,2
14,34,64,117,2,18,15,3,15,12,3
6,59,78,168,3,23,18,5,18,13,5
7,123,89,278,6,35,28,6,28,22,7
13,48,60,133,4,28,23,5,23,18,5
2,83,72,199,3,44,34,10,37,27,10
6,73,75,188,3,40,30,10,36,25,11
16,38,75,134,2,18,16,3,11,8,2
16,15,61,83,1,22,19,3,13,10,3
18,32,68,118,3,14,11,3,9,7,3
16,31,77,126,2,14,11,3,10,7,3
37,9,48,63,5,12,9,4,6,2,4
29,18,63,91,5,10,7,3,7,4,4
16,44,81,148,5,16,15,2,11,9,2
13,39,71,130,3,12,11,1,9,8,1
23,36,64,120,1,13,12,1,8,7,1
8,59,89,179,2,19,16,2,13,10,3
8,49,79,154,2,21,17,3,16,13,3
10,52,76,156,2,20,17,3,16,12,4
13,41,61,123,2,,,,,,
14,40,57,118,1,,,,,,
7,44,71,138,2,,,,,,
14,34,70,123,2,,,,,,
11,47,72,144,3,,,,,,
16,35,68,122,2,22,18,5,19,13,6
16,26,57,98,2,31,24,8,28,19,9
2,34,68,119,2,43,33,11,38,27,11
19,15,66,89,3,32,23,9,27,18,9
18,36,74,129,4,17,15,2,14,11,3
9,32,66,115,2,33,26,8,29,21,8
9,38,71,129,4,25,20,6,23,16,7
14,39,74,134,3,19,18,1,12,10,2
25,11,58,75,2,21,18,2,13,10,4
30,7,54,66,3,18,15,3,13,8,4
16,39,78,138,3,16,12,3,11,7,4
14,34,83,136,3,14,12,2,11,9,2
34,8,46,58,2,12,9,3,10,6,4
48,6,40,49,4,13,11,2,8,6,2
33,15,62,85,3,15,15,0,9,9,0
,,,,,,,,,,
,,,,,,,,,,
,,,,,,,,,,
42,3,34,38,3,13,10,3,10,6,4
56,3,29,35,5,16,14,1,10,8,2
43,7,42,53,3,12,12,0,7,6,1
37,8,48,61,2,12,11,1,7,6,1
21,36,70,126,3,19,19,0,12,11,1
20,25,77,115,5,21,19,2,13,11,3
45,6,47,56,1,21,18,3,14,11,3
43,4,43,49,2,31,26,5,22,17,6
40,6,41,51,0,21,17,4,16,12,4
26,10,49,65,1,18,14,4,15,10,5
17,37,76,132,1,29,26,2,16,13,3
25,16,55,79,3,42,34,7,31,23,8
18,24,63,99,2,36,26,10,29,19,10
22,29,61,106,3,35,28,7,26,18,8
32,19,49,79,1,29,23,5,22,16,6
23,18,41,68,2,37,31,6,28,21,7
10,33,49,99,2,41,32,9,37,28,9
4,46,57,128,3,72,55,17,69,50,19
19,31,56,103,2,58,43,16,55,39,16
32,25,62,100,2,44,33,10,37,27,10
32,24,69,106,3,45,36,9,37,28,9
28,17,51,78,2,19,15,4,13,9,4
39,10,39,54,1,,,,11,7,4
32,12,53,70,2,25,19,6,20,13,6
22,32,62,111,2,19,13,6,15,10,5
13,43,73,139,3,30,23,7,24,17,7
27,39,65,126,3,15,11,3,10,7,3
32,19,60,90,1,20,17,3,11,9,2
39,4,34,39,2,14,10,4,11,6,4
54,7,37,47,3,11,8,3,8,5,3
47,11,49,66,3,15,11,3,8,5,3
49,24,53,90,3,12,11,2,7,6,1
43,14,53,75,1,16,14,2,9,7,2
34,20,51,82,2,12,10,3,5,7,2
10,24,54,91,3,18,13,5,13,11,5
20,26,50,91,2,19,14,5,15,12,6
38,12,49,68,2,19,13,5,12,11,5
31,17,53,79,3,23,18,5,16,14,5
30,23,68,103,3,23,18,5,,,
8,44,76,143,3,49,37,12,,,
21,27,71,113,2,52,37,15,42,30,15
36,34,74,126,5,57,40,17,44,32,16
59,10,46,62,2,16,11,4,8,8,4
58,5,35,42,1,14,12,2,5,7,2
41,12,48,66,2,,,,8,8,4
51,7,46,57,2,,,,11,10,5
50,14,61,82,4,,,,13,13,4
37,16,51,74,4,,,,9,9,5
51,13,45,64,2,,,,4,7,1
61,9,36,50,1,,,,6,7,3
45,13,48,68,2,,,,6,8,3
44,18,58,86,2,,,,15,14,5
42,18,60,88,2,,,,13,13,4
42,15,52,75,2,,,,12,11,5
42,12,59,78,3,,,,14,12,6
53,5,47,55,2,,,,29,22,11
54,2,29,33,2,,,,8,8,4
34,13,46,66,1,,,,9,9,4
25,19,43,72,1,,,,6,7,3
40,12,42,60,1,,,,5,6,2
42,6,44,52,2,,,,6,6,3
38,16,49,74,1,,,,6,7,3
46,12,44,62,1,,,,7,8,3
39,10,52,67,3,21,18,3,13,11,5
48,4,26,32,4,12,10,3,7,7,4
61,3,29,33,3,12,10,2,6,7,3
58,3,26,30,5,16,14,1,7,8,2
64,3,27,32,3,13,13,0,6,8,2
56,3,31,36,1,13,12,1,6,8,2
36,13,55,75,2,18,15,2,10,11,3
67,3,34,38,1,11,10,0,5,8,1
61,2,28,31,1,16,14,2,10,11,3
51,3,34,38,2,13,11,2,8,9,3
55,4,40,47,2,12,11,1,6,7,2
39,14,56,78,2,19,16,3,9,10,3
30,15,56,79,4,14,12,3,9,9,4
46,10,42,58,2,14,13,1,9,10,3
49,15,45,68,2,14,12,2,8,9,3
58,4,35,41,2,13,11,2,8,8,3
54,5,34,42,4,10,8,2,5,6,3
44,10,45,61,5,9,8,1,4,6,2
30,25,59,96,3,,,,5,8,2
41,10,56,72,1,,,,10,11,3
27,12,46,65,1,,,,10,10,3
30,15,40,63,1,,,,10,9,4
42,7,32,44,2,,,,9,9,4
46,11,41,58,2,,,,9,10,3
36,18,50,78,1,,,,9,10,3
53,8,39,51,2,,,,9,9,5
55,8,37,50,3,,,,6,7,3
40,10,48,63,3,,,,5,6,3
44,6,36,45,2,,,,6,7,3
39,5,37,45,3,,,,5,6,2
53,3,25,29,3,,,,5,6,3
47,3,23,28,4,,,,6,8,2
45,8,40,53,2,,,,6,9,2
34,22,68,101,2,,,,12,12,4
33,11,54,71,4,,,,15,14,5
54,3,31,36,1,,,,,,
47,7,40,51,2,,,,7,9,3
36,12,42,61,1,,,,9,10,3
40,19,46,75,1,,,,7,8,3
53,12,44,63,2,,,,8,9,3
62,12,50,68,4,,,,14,13,5
49,11,67,84,3,,,,30,26,8
47,5,39,46,3,,,,16,13,7
33,12,43,62,2,,,,12,11,5
41,12,45,63,2,,,,6,7,3
45,10,53,68,2,,,,9,10,3
29,7,35,46,1,,,,8,8,4
33,23,52,87,1,,,,10,10,4
30,28,57,99,1,,,,11,12,3
21,13,40,60,1,,,,11,11,4
42,6,27,36,2,,,,7,7,4
27,18,41,69,3,,,,5,6,3
29,22,53,88,1,,,,8,9,3
51,5,36,44,1,,,,9,9,4
45,7,40,51,1,,,,12,11,4
53,4,41,48,2,,,,10,10,4
44,9,34,47,1,,,,9,10,3
40,2,27,30,1,,,,8,8,3
46,6,35,44,1,,,,9,10,3
51,6,54,64,2,,,,12,12,5
79,10,73,88,4,,,,21,20,5
45,8,36,48,2,,,,11,11,4
44,9,46,59,3,,,,8,8,4
54,2,27,30,1,,,,15,14,5
41,3,32,37,2,,,,10,10,4
43,3,26,31,1,,,,7,7,4
41,5,34,42,3,,,,6,7,4
29,23,51,87,3,,,,7,9,3
42,19,49,78,1,,,,8,9,3
60,5,44,51,2,,,,10,10,4
46,10,47,63,2,,,,11,11,4
38,2,19,22,1,,,,6,7,3
26,5,27,34,2,,,,7,7,3
20,8,34,47,1,,,,7,8,3
11,29,43,88,2,,,,8,8,4
41,13,56,75,2,,,,16,14,5
46,5,36,45,2,,,,8,9,3
58,2,25,28,1,,,,6,6,4
52,3,31,35,2,,,,5,6,3
22,7,32,42,2,,,,6,7,4
45,3,24,29,2,,,,7,8,3
39,5,34,41,1,,,,6,7,3
40,6,40,50,1,,,,6,7,3
22,20,57,87,2,,,,9,8,4
34,12,42,60,1,,,,5,7,2
32,4,35,41,3,,,,6,6,4
42,2,23,26,4,,,,,,
47,4,31,37,3,,,,,,
37,8,38,50,2,,,,,,
29,12,43,61,1,,,,,,
44,14,47,68,2,,,,12,12,4
44,5,40,47,1,,,,8,9,3
59,2,36,39,1,,,,10,10,4
46,3,34,38,1,,,,11,11,4
,,,,,,,,,,
,,,,,,,,,,
,,,,,,,,,,
27,15,59,82,2,19,20,2,8,9,0
48,6,41,50,2,21,21,3,10,9,1
58,1,26,28,2,14,14,3,7,5,2
30,4,23,30,2,9,9,3,4,4,0
18,13,51,71,2,16,16,2,7,6,0
34,12,40,58,1,16,16,3,6,6,0
23,17,46,72,3,29,25,6,15,12,3
26,6,41,51,4,25,21,7,15,11,4
28,10,40,55,3,17,16,4,9,8,1
26,9,44,57,2,15,16,2,8,8,0
23,13,56,77,3,20,20,3,11,9,1
29,8,50,62,4,19,20,3,10,9,1
40,4,33,39,2,14,14,3,7,6,1
20,6,27,35,2,8,8,3,3,3,0
24,7,28,38,1,9,9,3,5,4,0
35,13,53,73,4,15,15,4,9,8,1
52,3,40,45,3,16,16,4,10,9,1
14,25,56,93,4,11,12,3,6,6,0
26,6,31,41,1,11,12,2,4,4,0
33,4,29,35,2,12,12,3,4,4,0
28,6,35,44,2,12,12,2,4,5,0
34,4,31,38,2,11,13,1,4,5,-1
31,8,45,57,1,13,14,2,6,6,0
26,15,46,69,2,17,15,5,10,8,2
20,17,48,75,5,9,8,3,5,4,1
16,24,57,94,1,13,13,3,7,7,0
12,25,59,98,2,11,11,3,7,6,1
20,19,55,85,2,9,9,3,4,4,0
13,21,58,90,2,9,10,2,5,4,0
11,19,56,85,2,13,14,2,7,7,0
23,16,47,73,1,14,14,3,6,6,0
17,17,48,74,1,12,12,3,5,5,0
24,12,44,63,2,9,10,3,5,4,1
29,12,49,68,1,14,14,3,7,6,1
22,20,55,86,2,22,20,4,11,9,2
22,22,64,98,3,28,24,6,17,14,4
43,2,37,41,2,13,12,4,7,5,1
26,9,45,59,2,12,11,4,5,4,2
31,10,39,55,1,10,10,3,4,3,1
36,5,36,43,1,11,11,3,4,4,0
12,32,64,113,4,12,12,3,6,5,1
25,13,47,67,3,14,14,3,7,7,0
13,28,57,100,2,13,15,1,6,7,0
23,23,57,93,2,14,15,2,9,8,1
39,10,39,55,1,20,17,6,15,11,3
27,7,48,58,3,14,11,6,8,5,3
7,37,60,117,6,11,11,2,5,5,0
19,13,47,67,3,11,12,2,5,4,0
25,9,39,52,2,10,11,2,3,4,0
11,46,59,130,2,15,16,2,7,7,-1
16,27,58,101,2,20,20,3,10,9,1
21,21,53,85,2,13,14,3,6,5,0
20,29,52,96,2,15,15,3,6,5,0
20,27,51,92,2,17,16,3,9,7,1
21,23,53,88,2,19,18,4,9,7,1
22,31,56,104,2,20,18,4,9,8,2
19,27,58,99,4,,,,17,13,5
11,30,66,113,2,,,,35,25,11
34,8,55,66,2,,,,28,20,8
16,12,46,65,4,,,,9,6,3
18,14,47,68,6,,,,6,5,1
13,14,47,68,3,12,12,2,6,5,1
9,43,66,131,2,17,17,2,8,8,0
6,118,78,259,4,30,29,4,20,18,2
13,27,55,97,2,17,15,5,10,7,2
23,11,44,62,2,33,29,6,22,18,4
12,35,59,113,3,29,27,5,17,15,2
15,37,60,117,2,20,20,4,10,9,1
12,39,61,120,2,14,13,3,6,5,1
9,44,55,123,2,16,16,3,10,9,1
17,35,59,113,2,32,32,4,21,19,2
18,28,55,99,2,21,21,3,11,9,1
11,34,48,99,2,16,15,4,9,8,1
8,44,61,129,2,16,15,3,6,6,0
5,54,73,156,3,21,19,5,12,10,2
9,14,49,70,3,15,13,4,9,6,2
20,23,62,97,3,14,14,3,7,6,0
20,10,53,69,2,19,19,3,8,7,1
24,9,49,63,4,12,13,3,6,6,0
13,12,51,70,2,15,13,4,6,5,1
8,25,51,89,3,24,21,6,16,12,4
5,33,51,102,4,32,28,7,21,17,4
16,12,57,75,4,16,14,4,8,7,2
14,12,52,70,3,14,14,3,6,5,0
13,18,48,75,2,17,17,3,8,7,0
6,48,46,119,3,39,33,9,29,24,5
1,160,69,315,6,56,49,11,47,40,7
2,72,63,174,4,39,31,11,29,22,7
6,46,51,122,6,32,26,8,22,16,6
8,46,60,131,6,22,20,6,16,12,3
19,7,45,56,5,15,14,4,7,5,2
23,5,38,46,4,9,9,3,4,3,1
28,3,34,38,3,14,13,4,6,6,1
25,3,36,41,3,16,15,4,7,5,1
47,2,29,33,3,15,16,2,5,4,1
37,4,32,37,3,16,16,3,5,5,0
37,3,37,42,3,14,14,3,4,3,1
27,7,42,53,3,13,12,4,5,4,1
38,5,40,48,3,13,14,2,4,4,0
34,4,37,43,3,10,10,3,3,1,1
43,2,19,22,4,13,12,3,4,3,1
39,4,37,43,2,13,13,3,4,3,1
40,4,31,36,4,,,,3,3,0
42,5,32,39,2,17,18,1,6,5,0
24,11,50,67,2,13,14,1,5,5,0
17,17,64,90,4,10,10,3,3,2,1
23,39,58,119,5,8,9,1,3,3,0
7,36,67,122,4,13,14,2,9,9,1
9,40,64,126,3,22,21,4,13,10,3
15,24,59,97,5,12,12,3,5,4,1
8,55,77,162,6,13,13,2,7,7,0
5,46,69,138,4,19,19,3,12,10,1
20,13,48,68,5,9,7,3,6,3,2
38,6,38,46,4,10,10,2,3,3,1
55,2,24,26,5,12,13,1,5,4,0
40,3,35,40,3,8,9,1,3,3,0
33,7,44,56,2,10,10,1,4,4,0
41,4,41,47,2,17,17,2,8,7,0
34,6,39,48,3,21,20,3,10,9,1
33,11,44,61,2,11,12,1,4,4,0
59,2,24,26,3,16,15,2,4,4,1
47,2,29,32,4,11,13,1,5,5,-1
21,11,43,61,3,20,19,3,11,9,1
29,5,43,51,3,15,15,2,6,6,0
26,7,45,56,1,15,15,2,4,4,0
36,5,42,49,1,12,12,2,4,3,0
20,10,55,71,2,10,10,2,4,3,1
30,5,43,50,2,14,13,2,5,4,1
14,29,55,99,2,15,14,3,8,7,1
13,18,49,76,2,20,18,4,13,11,2
3,38,48,106,3,24,21,5,16,13,3
29,5,42,50,1,17,16,3,7,7,1
14,11,43,60,3,35,34,3,17,16,1
27,5,44,52,2,20,19,3,9,8,1
25,4,32,39,2,20,19,4,10,9,1
42,2,33,36,3,16,16,2,6,6,0
36,4,43,50,2,10,11,2,3,3,0
47,2,27,30,3,7,6,2,1,1,0
45,3,34,38,1,17,17,2,5,5,0
48,2,27,30,2,10,10,2,2,2,0
51,1,21,22,1,11,12,1,2,3,0
53,1,16,17,2,17,16,3,7,7,0
41,2,26,29,2,60,60,2,26,26,0
19,11,38,54,3,32,29,4,15,13,2
42,3,34,38,2,14,14,2,4,4,-1
45,3,26,30,4,13,12,3,4,3,1
52,2,27,31,4,11,11,1,2,3,-1
18,16,50,74,3,17,14,3,7,5,1
27,7,36,47,3,10,7,2,3,2,0
35,4,41,48,4,11,7,4,3,1,1
28,6,51,60,3,15,13,2,4,4,0
18,17,56,82,3,14,12,2,4,5,0
1,91,,,4,28,23,5,,,
26,12,53,72,4,9,7,2,3,4,-1
17,13,62,83,4,17,15,2,7,7,0
40,4,40,45,4,11,8,3,5,3,1
42,3,38,43,3,11,9,2,3,4,0
19,15,64,87,5,10,9,2,5,5,0
20,12,53,71,6,10,9,1,4,5,-1
21,,,,1,14,12,2,5,5,0
26,36,61,116,4,8,7,2,3,3,0
15,47,77,150,6,11,11,1,5,6,-1
9,28,74,118,3,21,18,3,,,
17,19,62,91,4,15,12,3,,,
14,33,59,110,3,23,19,4,,,
2,166,112,366,8,44,38,6,,,
1,252,130,516,11,58,49,9,,,
7,74,81,195,4,35,28,7,27,20,6
12,16,58,82,3,22,19,3,13,10,3
22,8,50,61,2,24,21,3,11,9,2
16,6,35,43,2,12,9,4,7,6,2
28,7,39,49,3,16,12,4,6,5,1
43,3,34,38,4,15,12,3,5,4,1
40,5,40,48,3,7,4,3,2,2,0
34,7,45,55,2,14,12,1,5,4,1
54,2,27,30,4,9,7,3,3,2,1
45,9,43,56,4,11,8,3,4,3,1
40,3,36,40,4,9,9,0,4,4,0
58,2,26,29,2,15,12,3,7,6,1
47,5,41,49,3,18,16,2,6,6,0
20,18,64,91,4,13,12,1,5,6,-1
18,23,61,96,4,13,11,2,7,6,1
40,4,39,46,5,12,8,4,5,4,2
56,2,25,28,11,15,11,4,7,5,2
57,2,26,29,3,10,8,2,3,3,0
63,,,,5,,,,,,
37,11,51,69,5,,,,,,
19,38,70,129,4,,,,,,
11,,,,5,,,,,,
15,37,59,115,5,,,,,,
10,35,53,106,8,28,22,6,21,16,5
23,26,43,83,4,21,19,2,12,11,1
16,45,54,122,5,15,15,0,7,8,-1
15,32,52,100,3,23,19,4,13,10,3
25,10,47,62,6,19,15,4,11,8,3
13,44,58,126,4,16,14,2,10,9,2
29,10,39,55,4,15,12,2,8,6,2
44,4,22,28,2,7,6,1,2,3,0
54,2,7,10,2,7,5,2,3,2,1
28,31,47,94,4,9,8,1,4,3,0
15,37,62,118,3,16,15,1,8,8,0
6,105,81,242,7,32,28,4,21,17,4
8,63,75,172,5,26,21,5,19,14,4
10,41,66,129,7,29,22,6,21,15,6
24,19,47,76,6,31,23,8,23,16,7
40,14,38,59,2,13,11,2,7,5,1
27,24,50,87,2,17,14,3,8,6,2
45,5,26,33,5,11,7,4,5,3,2
40,10,34,50,3,11,9,2,4,3,1
31,25,44,82,3,11,10,2,5,4,1
39,13,38,57,4,10,9,2,4,4,0
15,46,60,130,3,16,14,3,10,9,2
23,30,49,95,3,14,11,3,8,6,2
14,53,61,142,4,16,14,2,9,8,1
22,22,49,83,5,17,14,3,10,8,2
25,26,45,84,6,14,12,2,9,8,1
6,57,62,149,4,36,28,8,28,21,7
7,54,70,153,5,65,48,17,56,40,16
9,34,61,114,4,80,59,20,70,51,19
26,17,43,70,3,43,27,16,37,22,15
38,15,40,64,3,28,20,9,21,13,8
20,32,51,100,4,27,19,7,19,13,6
,,,,,,,,,,
,,,,,,,,,,
20,35,64,118,2,19,14,4,13,10,3
39,17,48,74,2,12,11,2,6,6,1
34,20,52,83,3,14,12,2,8,7,1
20,42,72,137,4,24,19,5,16,13,4
16,35,76,129,3,28,22,7,21,16,6
10,41,73,135,3,35,26,9,29,20,8
30,7,48,59,3,24,17,7,19,13,6
43,16,42,67,4,14,11,2,8,7,1
50,3,23,27,6,14,10,4,7,4,3
56,2,18,21,2,10,8,2,4,2,1
54,3,16,21,6,7,7,1,3,3,0
49,4,27,33,2,10,9,1,3,4,0
34,12,44,63,3,12,11,1,5,5,0
17,39,65,125,4,15,13,2,10,9,1
35,11,42,59,3,21,17,4,15,11,4
43,9,32,45,3,24,17,7,18,12,6
30,9,31,46,3,26,18,8,20,14,6
46,4,27,34,2,15,12,3,10,7,3
39,16,42,67,3,14,11,3,8,7,1
48,6,25,34,3,11,10,2,5,4,1
26,15,40,63,3,10,9,1,5,5,0
28,16,46,71,2,15,12,3,9,7,2
50,3,21,26,2,9,7,2,5,4,1
42,10,38,54,3,15,13,2,7,6,1
19,18,44,73,3,36,27,9,26,19,7
41,7,31,41,3,12,9,3,6,5,2
36,18,48,75,3,14,12,3,9,7,2
46,7,36,46,2,16,12,4,11,7,3
31,22,46,80,3,12,8,4,7,5,2
23,40,51,112,4,9,7,2,7,5,1
32,18,41,69,2,9,7,1,5,5,1
30,10,47,62,2,15,14,1,10,9,1
33,23,43,78,2,17,15,2,9,7,1
32,23,41,77,2,25,22,3,10,9,2
31,21,43,76,4,28,23,4,15,12,3
32,19,42,72,2,21,18,3,10,8,2
27,24,42,79,3,13,11,2,7,6,2
35,21,41,73,3,11,9,2,6,5,1
24,24,48,85,6,12,8,3,8,5,3
27,39,50,111,4,9,8,2,6,4,1
27,29,47,92,3,15,12,3,9,8,2
39,12,31,49,3,15,11,4,9,6,4
40,12,31,49,3,10,9,2,4,4,0
31,23,45,80,4,10,9,1,5,5,0
46,8,28,41,3,14,12,2,7,6,1
45,3,17,21,3,13,10,3,7,5,2
35,17,42,67,3,15,13,2,7,6,0
45,10,35,51,2,19,16,3,10,8,2
49,12,51,69,4,27,22,5,16,12,4
38,20,63,94,4,40,31,8,27,20,7
47,13,45,65,5,41,29,13,32,22,10
62,8,43,56,2,24,20,4,17,14,3
47,12,55,74,3,32,27,5,21,17,4
17,21,48,79,3,31,22,9,25,17,8
15,24,39,76,4,32,21,11,26,17,9
49,13,39,59,4,36,29,8,27,20,6
46,17,33,58,3,30,25,5,17,14,2
46,15,35,59,3,18,16,2,8,7,1
45,13,37,57,3,20,16,3,11,9,2
39,16,43,68,3,25,20,5,13,10,3
51,10,40,56,2,20,16,5,12,9,3
43,,,,3,14,10,4,8,6,3
34,,,,3,17,14,3,10,8,2
46,3,18,23,2,15,12,3,8,6,2
44,2,17,20,3,15,12,3,9,7,2
44,8,30,42,4,12,9,2,5,5,1
27,22,39,73,3,12,10,2,7,6,1
31,18,34,62,3,15,11,3,7,5,2
25,23,41,76,4,16,13,3,8,7,1
32,11,40,56,3,20,16,5,13,9,3
43,10,36,51,3,27,20,7,18,13,5
48,6,29,39,3,29,20,9,21,14,7
41,14,36,58,2,21,15,6,15,10,4
42,13,31,50,2,14,10,4,8,6,2
27,24,37,74,3,12,9,3,7,5,1
29,18,33,61,2,12,9,3,7,5,1
43,12,30,49,2,14,10,3,6,5,1
25,25,41,79,4,14,11,3,9,7,2
21,25,48,86,2,23,18,5,18,14,4
35,13,34,53,1,28,23,5,17,14,3
31,15,41,64,2,26,21,5,12,10,2
19,22,73,106,3,33,28,5,19,17,3
23,19,68,98,2,25,21,5,17,14,3
22,18,42,69,3,26,20,6,15,11,4
42,12,41,58,4,22,18,4,12,9,2
42,9,46,59,2,23,19,5,16,13,3
33,3,19,24,3,15,11,4,8,6,3
21,10,33,48,3,13,10,4,7,5,2
24,5,20,28,3,12,8,3,6,4,2
33,4,15,22,3,13,10,2,6,5,1
33,7,28,40,3,13,10,2,8,7,1
20,19,41,70,4,18,14,4,12,9,2
18,21,39,71,4,14,12,3,9,8,2
35,3,14,18,2,15,12,4,9,7,2
18,9,22,36,3,8,5,3,4,3,2
31,4,19,25,3,13,11,3,6,6,1
17,9,19,33,2,12,10,2,8,6,2
8,19,37,66,3,15,11,4,8,7,2
29,5,18,25,3,14,11,3,8,7,1
27,9,25,38,3,12,9,3,5,5,1
32,9,20,34,2,11,9,2,7,6,1
21,21,29,61,3,12,9,3,6,5,1
30,9,27,41,4,15,11,3,8,6,2
30,4,17,23,4,12,10,3,6,5,1
38,3,16,21,3,12,9,3,7,5,2
34,4,20,25,1,11,8,3,5,4,1
32,4,17,23,2,,,,5,5,1
35,3,14,18,1,12,10,2,7,6,1
26,6,20,30,3,12,9,3,7,5,2
25,19,36,65,2,14,11,3,6,5,1
36,15,39,63,1,15,13,2,7,5,1
43,3,25,29,4,15,13,2,10,8,1
29,4,22,28,2,16,13,3,9,7,1
26,3,16,20,2,15,12,3,8,7,2
28,3,10,14,2,12,9,3,7,5,2
33,3,16,21,3,13,11,2,6,5,1
19,17,32,57,2,13,10,3,7,6,1
16,28,39,82,2,14,10,3,8,6,2
20,22,45,79,2,13,10,2,7,6,1
19,8,30,43,2,13,11,2,8,6,2
20,4,14,20,1,9,7,2,4,3,1
21,4,17,22,2,11,8,2,6,4,1
36,11,41,58,2,,,,9,8,1
40,13,61,81,3,24,20,4,14,12,2
53,4,40,46,2,27,23,5,18,15,3
22,15,41,64,2,15,12,3,8,7,1
16,18,55,83,1,25,21,4,18,16,2
36,21,36,68,3,20,17,3,14,11,2
30,2,16,20,1,12,10,2,8,6,2
29,6,24,33,1,12,9,3,6,5,1
27,7,25,36,2,12,10,2,7,5,1
19,14,27,48,2,12,9,3,7,5,2
23,13,30,49,,12,11,2,8,7,1
20,6,23,32,2,15,11,4,7,5,2
18,19,38,68,1,15,11,4,9,7,2
27,19,35,64,2,11,8,3,7,5,2
24,7,27,38,1,13,10,3,7,5,3
11,7,18,28,2,13,10,3,7,6,2
25,4,13,19,1,14,11,4,6,4,2
31,5,21,28,3,12,10,2,6,5,1
31,9,30,44,2,14,12,2,8,7,1
31,6,22,30,1,13,11,2,8,6,1
34,2,10,13,2,14,11,3,8,5,2
30,13,27,47,2,,,,,,
24,18,33,61,3,,,,,,
23,15,34,57,2,,,,,,
19,13,30,50,2,,,,,,
28,6,25,34,1,20,18,3,10,9,1
30,7,20,31,1,13,11,2,6,5,1
26,16,29,53,2,15,12,2,8,6,1
33,9,25,39,2,16,14,3,8,7,1
37,11,28,45,3,22,18,4,11,9,3
43,5,30,38,2,27,23,5,15,11,4
44,13,39,59,3,31,26,5,16,13,4
36,3,29,34,3,29,21,8,18,13,6
44,2,12,15,2,22,20,2,9,7,1
40,2,10,13,3,11,10,1,6,5,1
32,3,16,20,2,19,17,2,9,7,1
31,9,42,56,3,20,17,3,11,9,2
34,29,70,115,2,33,30,4,20,17,2
31,14,56,77,2,36,30,6,23,19,4
23,19,43,72,2,20,15,5,13,10,3
40,6,35,44,3,29,24,5,18,14,4
39,3,13,17,3,17,12,4,10,8,2
29,29,44,88,1,15,13,3,9,8,1
44,16,37,61,1,20,17,3,12,10,2
34,4,30,36,2,18,15,3,10,8,2
18,10,28,43,2,21,18,3,10,9,2
21,3,20,25,2,20,16,4,10,7,3
20,3,20,25,3,18,14,4,9,6,3
28,3,16,20,2,16,13,3,7,6,2
,,,,,,,,,,
,,,,,,,,,,
33,10,32,47,4,20,16,4,12,9,3
27,8,38,51,3,24,20,4,13,10,3
33,3,17,21,3,17,15,3,8,6,2
21,4,20,27,2,16,13,3,8,6,1
24,9,24,38,3,17,14,3,9,7,2
20,9,31,44,1,17,14,3,8,7,1
29,23,62,97,3,34,30,3,18,16,2
36,11,46,64,2,32,27,5,20,17,3
34,18,49,78,2,36,31,5,22,18,4
17,30,31,78,2,15,12,4,9,7,2
11,30,25,71,2,15,12,3,8,7,1
21,16,35,59,2,14,11,3,10,8,2
9,23,37,72,2,23,19,4,15,12,3
9,13,30,51,2,18,14,4,11,9,3
28,11,38,55,2,22,17,5,16,12,4
30,4,27,33,1,17,13,4,12,9,3
30,7,32,44,2,14,12,2,7,6,1
45,2,32,36,4,17,14,3,9,7,3
44,1,16,18,3,19,17,2,7,6,1
23,7,34,44,2,26,23,3,8,7,1
19,5,31,39,2,14,12,2,8,6,1
26,5,24,32,3,23,20,3,11,9,2
27,5,27,34,4,13,10,3,6,4,2
27,4,29,36,4,18,15,3,7,5,2
18,7,34,45,3,11,8,3,7,5,2
20,13,32,52,3,14,12,2,8,8,0
12,40,51,113,2,20,17,2,11,10,1
18,16,32,57,3,23,19,4,13,11,2
28,7,29,40,2,18,14,3,7,5,2
24,10,31,46,3,16,14,3,7,5,1
11,17,38,64,3,19,17,2,10,9,1
17,13,33,53,2,16,13,3,9,7,1
22,9,28,42,3,11,8,2,5,4,1
13,23,38,73,,13,11,3,7,5,1
8,24,37,74,,17,14,3,10,8,2
9,20,30,61,,18,15,4,10,7,2
6,25,32,71,,21,16,5,13,10,3
5,28,35,78,,27,22,5,19,15,4
16,12,36,54,,23,18,5,17,13,4
24,4,31,37,,15,12,3,8,6,2
24,6,36,45,,15,12,3,7,6,1
24,9,37,51,,12,10,3,6,4,2
14,26,46,85,,13,11,2,7,5,2
13,26,42,81,,17,14,3,9,7,2
10,26,40,79,,17,14,3,10,8,3
11,15,36,59,,17,14,4,11,8,3
14,11,28,45,,20,15,6,15,11,4
8,17,38,64,,27,22,5,19,15,5
2,54,51,134,,40,33,8,28,22,6
13,9,37,51,,23,17,6,17,12,5
18,7,32,43,,20,15,5,13,10,3
20,16,40,63,,19,16,3,12,10,2
6,46,48,119,,31,25,6,23,19,4
1,83,49,177,,55,46,10,47,39,8
1,101,76,230,,63,48,14,46,33,12
6,,,,,46,37,10,33,25,7
6,42,61,126,,19,14,5,12,8,4
7,55,59,143,,27,21,6,20,15,5
10,20,57,88,,17,12,5,12,8,4
11,18,51,78,,23,19,4,16,13,3
19,12,35,54,,19,16,3,14,12,3
17,22,44,79,,15,12,3,8,6,2
6,28,60,103,,22,16,6,16,11,5
7,37,55,112,,13,10,3,8,6,2
7,27,63,105,,13,11,2,8,7,2
7,37,57,114,,25,20,4,18,14,3
8,32,55,104,,19,15,4,14,11,3
9,25,56,93,,17,13,3,11,9,2
6,25,60,99,,22,18,4,14,11,3
10,15,48,71,,15,10,5,10,6,4
22,6,44,53,,12,8,5,6,3,3
33,5,45,52,,17,12,5,7,4,3
30,7,51,62,,11,9,2,6,5,1
21,9,52,66,,13,10,3,7,5,2
22,13,48,68,,12,8,4,9,7,3
21,28,53,96,,20,17,4,11,7,4
33,7,42,53,,15,14,1,7,7,0
5,50,63,139,,26,23,3,14,12,2
27,20,45,76,,21,17,4,8,6,2
22,21,50,82,,20,18,3,8,7,2
5,34,54,106,,22,18,4,15,12,3
18,15,49,73,,19,15,4,11,9,3
16,27,60,102,,21,19,2,9,7,2
3,92,80,221,,31,28,4,18,16,2
3,232,118,474,,59,52,7,45,38,7
2,131,94,294,,43,36,7,32,27,6
1,85,62,192,,36,30,7,29,22,7
17,20,50,81,,19,15,4,10,6,3
8,31,55,102,,23,19,4,13,10,3
2,138,72,284,,58,50,8,42,34,8
3,127,67,261,,58,47,11,47,37,10
7,15,41,64,,33,24,8,25,18,7
11,12,39,57,,27,21,6,19,15,4
11,10,31,45,1,26,19,7,21,15,6
19,6,29,38,1,21,15,6,14,10,4
12,18,43,70,1,17,12,4,10,7,2
6,37,45,101,2,18,13,5,11,8,3
11,20,41,71,2,22,17,5,15,11,4
7,43,51,117,2,28,22,6,18,14,4
2,40,44,106,2,37,29,7,27,21,6
2,58,47,137,2,49,40,9,34,28,6
1,59,53,144,2,36,27,9,29,22,6
1,44,48,116,1,30,20,10,24,16,8
2,72,50,161,3,43,32,11,30,21,9
4,27,37,79,2,33,22,12,26,17,9
21,6,36,45,1,24,19,5,11,8,3
9,20,52,83,2,21,17,4,11,9,2
30,4,30,35,2,14,10,4,7,4,3
40,2,19,22,1,21,18,3,8,6,2
55,1,6,7,2,11,8,3,4,2,2
33,8,39,52,2,13,10,3,6,5,0
4,113,72,246,4,37,33,4,25,22,3
1,214,81,409,5,52,43,9,40,33,7
1,106,62,224,4,36,29,7,27,21,6
2,56,45,131,2,34,25,9,28,21,8
10,11,32,49,2,23,16,8,18,12,6
30,6,24,34,2,16,11,7,9,7,5
18,19,34,64,1,14,13,4,4,5,1
6,31,47,94,2,,,,,,
14,23,46,81,2,,,,,,
8,60,60,152,3,28,27,3,,,
10,61,55,148,3,27,24,6,,,
7,32,44,93,2,15,12,5,,,
6,23,43,78,1,19,15,7,,,
19,11,35,52,3,13,9,6,,,
12,17,44,70,3,18,17,3,,,
26,12,37,55,2,18,17,3,9,9,2
29,11,32,49,4,13,12,3,6,6,3
26,16,40,64,3,10,12,0,4,7,0
16,22,46,80,1,12,12,2,7,8,1
10,20,46,76,2,11,10,3,9,9,3
9,23,44,80,1,15,13,5,13,11,5
9,31,50,97,2,27,22,7,22,18,6
3,119,86,268,5,40,35,7,28,24,7
2,95,68,213,3,46,38,10,35,27,10
3,65,66,165,3,34,29,8,23,18,7
4,53,64,145,3,37,32,7,28,23,7
3,114,74,249,5,77,64,15,69,57,15
2,195,84,382,6,89,73,18,83,68,18
3,73,80,192,4,44,34,13,41,31,13
5,51,65,143,2,29,22,9,26,20,9
10,34,45,96,3,52,43,12,48,39,11
4,56,59,145,3,50,41,12,42,33,11
29,6,43,52,2,16,12,6,11,8,5
34,4,38,45,1,8,6,4,5,4,4
14,27,50,91,1,18,14,6,11,8,5
5,59,50,141,2,20,16,6,16,12,6
12,17,39,66,2,13,9,6,10,7,5
34,7,28,38,3,15,13,5,10,8,4
45,7,31,42,1,17,16,3,6,6,3
19,21,60,92,1,14,14,3,8,8,2
11,20,53,84,3,18,17,4,13,13,3
14,39,50,110,2,,,,,,
16,37,61,117,2,,,,,,
8,38,46,105,3,,,,,,
14,29,42,86,2,38,34,6,29,25,7
8,39,47,107,2,49,40,11,41,32,11
11,30,44,90,2,42,37,8,40,35,8
9,21,39,70,1,46,39,9,43,36,10
9,30,49,95,2,58,49,11,48,39,12
5,48,61,134,2,39,34,8,32,26,8
18,20,45,76,2,21,17,7,18,14,6
29,6,45,54,1,15,14,4,8,7,4
22,10,48,64,1,18,15,5,13,11,5
40,3,32,37,1,23,19,6,20,16,7
31,4,38,44,1,17,14,6,15,11,6
,,,,,,,,,,
,,,,,,,,,,
46,3,28,33,2,6,5,3,3,3,2
52,8,28,40,4,9,9,2,3,4,1
30,19,60,88,2,14,16,1,7,9,1
56,1,26,29,1,15,15,3,8,8,3
62,1,18,20,1,7,7,3,4,5,2
57,2,29,33,3,6,5,3,3,3,3
48,5,33,41,3,8,9,1,5,6,2
43,4,34,41,2,12,12,2,6,7,2
52,5,33,40,1,18,19,1,8,9,1
22,13,45,64,4,20,18,4,12,11,4
54,2,24,28,1,11,12,2,6,6,3
57,2,22,26,2,9,10,1,3,5,1
26,17,54,80,2,12,14,1,7,8,1
38,10,43,58,1,11,11,2,7,7,3
31,7,45,55,1,8,9,2,6,7,2
31,16,51,75,2,11,12,2,7,8,2
26,8,40,53,1,15,14,4,11,10,4
27,6,32,42,2,25,19,8,21,16,8
13,20,56,87,2,26,21,7,22,18,7
31,15,49,71,2,16,16,3,8,9,2
27,10,48,64,1,14,13,3,11,9,4
14,22,54,87,2,21,18,6,15,13,5
24,10,43,59,2,23,18,8,19,14,8
45,7,36,47,1,11,10,4,5,4,3
44,4,27,33,1,7,8,2,5,5,2
58,2,14,16,1,8,8,2,4,4,2
51,2,27,31,1,7,8,2,4,5,2
53,5,31,38,1,10,11,2,4,5,1
42,8,41,53,1,11,12,2,6,7,2
30,15,42,65,2,29,26,6,19,16,6
29,15,43,66,2,36,31,8,25,21,7
45,11,39,56,2,17,15,5,9,7,4
46,9,37,50,1,13,12,3,7,7,3
24,18,47,74,2,47,37,12,36,27,12
35,23,45,80,2,39,30,12,31,22,12
56,2,28,32,1,13,12,4,7,7,3
50,5,45,53,1,15,14,4,9,9,3
58,2,33,36,1,14,13,3,8,8,3
63,2,25,29,1,10,11,2,5,6,2
41,7,39,49,2,13,13,3,9,9,3
42,16,37,61,1,22,18,7,17,14,6
31,14,41,63,2,20,17,5,12,10,4
33,17,48,74,1,17,16,3,9,8,3
30,16,50,74,2,25,22,6,16,13,5
35,13,48,68,1,25,21,7,19,15,7
45,32,47,96,2,40,33,11,31,24,10
59,10,36,50,1,35,26,11,27,19,11
44,10,35,51,1,15,14,4,7,7,3
48,6,32,42,1,13,13,3,6,6,3
46,8,34,46,1,13,12,4,6,6,3
46,9,38,51,1,10,10,2,5,5,2
53,3,26,31,1,8,9,3,5,5,2
58,4,24,31,1,6,7,2,3,5,2
53,4,29,35,1,7,8,2,5,5,3
51,5,27,35,1,7,8,2,4,5,2
48,9,34,48,2,17,18,2,6,7,2
54,7,32,43,1,16,16,3,9,9,3
51,5,36,44,1,17,16,4,11,10,4
22,17,47,73,1,21,19,5,11,10,4
44,7,29,39,2,14,13,3,8,8,3
63,3,20,25,1,15,14,4,9,8,4
31,11,35,52,2,15,12,6,9,8,5
39,16,35,59,2,9,10,2,4,5,2
30,19,39,68,2,14,14,2,7,7,3
25,17,48,74,2,13,13,3,9,8,4
28,12,39,58,1,15,14,4,10,9,4
47,6,34,43,1,13,12,4,10,9,4
50,10,35,50,2,18,16,6,14,11,6
52,5,26,34,2,7,8,2,5,6,2
32,14,38,60,2,25,23,5,16,14,4
34,16,39,63,1,31,29,5,19,16,5
38,12,34,53,2,32,29,6,19,16,6
54,7,28,39,1,19,18,4,9,8,4
37,9,29,43,1,29,23,9,24,18,9
48,6,28,36,1,21,18,6,17,14,6
38,11,36,53,1,24,24,3,11,11,3
47,8,33,45,2,22,20,4,10,9,4
49,7,39,50,2,22,20,5,12,10,4
26,18,61,89,4,45,36,12,33,24,12
42,5,30,38,2,17,13,7,14,10,6
68,1,19,21,2,17,16,4,12,11,3
56,2,19,21,1,11,11,2,6,7,2
36,4,27,32,1,11,12,3,7,7,3
31,4,18,24,1,11,11,4,6,6,3
11,19,43,72,2,12,10,6,9,7,5
23,11,42,58,1,12,10,5,8,7,4
33,10,43,59,1,9,8,4,7,6,3
49,2,18,21,2,9,10,2,5,6,2
57,2,20,22,1,11,11,3,6,7,3
49,9,35,49,3,17,15,5,13,11,5
23,12,43,61,2,12,12,2,7,8,2
34,9,40,54,2,15,15,3,11,11,3
37,14,44,66,2,18,16,5,13,11,5
41,12,49,67,2,24,22,5,15,13,5
48,4,32,39,2,17,15,5,13,11,4
38,3,31,36,1,13,13,4,9,9,3
47,2,22,25,2,14,13,4,10,9,4
40,4,24,30,1,9,9,3,6,6,3
20,10,38,53,1,13,13,3,9,9,2
42,4,25,30,1,11,10,4,8,8,4
32,9,55,68,1,22,20,5,16,15,4
41,5,29,37,1,11,8,6,6,5,4
50,2,14,18,1,10,10,3,6,6,3
53,2,14,17,3,10,9,4,6,5,4
41,5,19,27,2,8,9,3,4,5,3
42,5,18,27,2,,,,5,6,2
42,3,17,21,3,,,,,,
43,3,20,24,2,,,,,,
45,2,14,17,1,,,,,,
46,2,12,15,2,,,,,,
40,6,26,35,2,,,,,,
29,10,40,55,1,15,15,3,10,10,3
43,9,52,66,1,20,19,4,13,12,4
40,6,40,49,,19,18,4,11,11,3
29,12,42,60,,16,17,2,9,10,2
39,7,33,43,,18,17,4,13,13,3
69,2,26,29,,19,18,4,15,14,4
64,5,52,60,,29,27,5,19,19,4
47,10,58,73,,33,28,8,26,21,8
66,16,43,67,,29,26,5,18,16,4
55,11,27,44,,22,21,5,16,15,4
46,11,18,35,,13,13,3,5,6,3
36,10,13,28,,9,9,3,6,6,3
36,10,13,29,,8,8,3,4,5,3
42,11,31,48,,13,13,3,6,6,3
16,16,53,77,1,21,19,6,14,12,5
21,14,38,59,1,11,9,5,8,7,5
27,9,36,49,1,9,9,3,7,7,3
26,11,38,54,2,10,11,3,7,8,2
34,7,29,40,1,12,12,3,8,8,2
36,6,26,35,1,10,10,3,5,6,2
28,8,32,44,1,9,10,3,6,6,2
31,9,33,47,1,11,11,3,8,8,3
32,9,39,53,1,14,14,3,8,9,3
41,14,57,79,2,17,17,3,13,13,3
41,8,37,50,2,13,13,3,9,9,3
37,9,29,42,1,10,11,3,7,7,3
64,2,18,21,1,13,12,4,11,10,4
36,7,34,45,2,13,13,3,8,8,3
27,5,24,31,1,9,9,3,6,6,3
25,13,32,52,3,12,13,2,6,7,2
44,4,26,33,2,12,12,3,6,6,3
22,18,36,64,3,10,11,3,6,6,3
21,7,23,33,1,11,12,3,8,8,3
13,11,18,36,1,7,7,3,4,5,3
39,7,30,41,2,14,14,4,7,8,2
56,5,38,45,2,20,18,5,11,10,4
42,3,27,32,,,,,13,12,4
25,9,22,36,1,11,10,4,6,6,3
38,4,19,25,2,12,12,3,6,6,3
29,3,20,25,1,7,8,3,4,4,3
19,13,31,50,,9,10,3,6,7,2
18,16,39,64,2,9,10,3,6,7,3
29,11,38,54,,13,13,4,8,9,3
22,7,27,38,,13,12,5,9,8,4
25,6,20,30,,14,14,3,6,7,3
33,4,13,18,,11,11,3,5,6,2
24,7,23,33,,11,10,4,6,6,4
40,3,11,16,,8,8,3,3,4,2
40,3,13,18,,11,12,3,5,6,2
37,5,20,28,,12,12,3,6,7,2
31,4,20,26,,8,9,3,5,6,3
41,2,11,15,,14,14,4,8,7,3
40,4,19,25,,10,11,3,6,7,2
28,12,36,54,,10,10,3,5,6,3
40,3,16,20,,10,11,3,5,6,3
29,9,27,42,,,,,,,
14,16,38,61,,,,,,,
14,23,43,79,,,,,,,
23,11,35,52,,,,,,,
24,14,32,53,,20,16,4,10,10,3
22,16,34,59,,12,9,3,4,6,2
47,3,19,24,,,,,5,7,2
44,3,29,35,,18,14,4,8,9,3
22,26,57,97,,17,13,3,8,9,3
,,,,,14,12,3,7,7,3
,,,,,,,,,,
,,,,,,,,,,
29,11,31,48,1,10,10,0,6,6,2
35,4,20,26,2,11,10,1,5,6,2
,,,,,,,,,,
,,,,,,,,,,
15,10,40,55,1,23,18,5,19,14,8
21,11,33,50,1,11,10,1,7,7,3
27,17,44,70,1,17,16,2,11,11,3
31,7,48,59,1,19,18,1,13,13,4
46,2,28,32,1,17,16,1,13,12,4
57,2,31,33,1,28,22,6,24,19,8
20,14,42,63,2,20,18,2,14,12,5
14,13,36,56,2,15,12,2,8,8,3
19,14,37,58,2,12,12,1,9,9,3
20,19,43,73,3,16,14,1,11,11,3
36,3,32,37,3,14,12,2,11,10,4
44,2,24,27,1,12,9,3,8,7,5
19,9,25,38,2,9,8,1,8,8,3
26,6,23,33,1,7,6,1,6,6,3
15,21,49,82,2,20,19,1,9,10,3
23,10,32,48,2,21,19,2,10,10,4
23,7,30,41,2,8,6,2,6,6,3
13,26,41,81,2,8,8,1,5,6,2
26,9,21,35,2,9,7,2,5,5,4
32,7,26,36,1,10,10,0,5,6,2
32,6,20,30,1,9,8,1,5,6,2
37,7,26,37,2,9,9,0,4,6,2
19,18,43,70,2,7,7,0,4,6,2
11,21,43,75,2,9,8,1,5,6,2
12,14,37,59,2,9,7,2,7,7,3
24,7,31,42,2,8,7,1,5,6,2
15,15,42,65,3,13,12,1,7,8,2
15,13,40,61,3,12,10,2,9,8,3
27,4,34,40,3,14,13,2,8,9,3
30,7,35,46,5,13,12,1,8,8,3
21,20,38,68,5,12,10,1,7,8,3
29,4,34,40,2,12,11,1,7,7,3
36,4,35,40,5,23,19,4,18,15,6
12,15,47,69,3,38,30,8,31,24,10
11,18,45,73,2,42,34,9,33,26,10
21,17,43,68,2,47,34,13,39,28,14
34,4,29,35,1,10,7,3,7,6,4
18,6,35,44,1,15,13,2,9,9,4
33,3,27,31,2,14,12,2,7,7,3
38,1,12,14,2,6,4,2,4,4,3
39,4,26,33,3,22,21,2,6,9,2
21,14,46,68,3,14,13,1,4,7,2
32,5,31,39,3,17,14,2,3,5,2
29,13,37,56,3,10,9,1,2,5,2
18,15,48,72,3,12,11,1,4,6,2
27,7,30,41,3,8,7,2,2,4,3
16,24,44,82,4,9,8,1,5,7,2
12,16,45,70,3,14,12,2,7,9,3
29,3,23,27,3,10,9,1,4,6,3
36,3,20,24,2,11,9,2,4,6,3
23,5,27,34,2,18,16,1,6,8,2
27,3,22,26,2,14,13,1,7,9,2
27,3,21,26,1,17,15,2,10,11,3
33,3,30,35,3,28,24,3,18,19,4
33,15,29,53,2,31,28,3,14,15,4
33,10,38,53,2,24,21,3,7,9,2
5,39,43,102,3,40,36,4,19,19,4
19,18,31,58,2,27,20,6,18,15,7
37,3,24,29,1,13,11,2,4,6,3
53,1,11,13,2,15,13,2,4,6,3
38,6,31,41,2,8,7,1,2,5,2
27,4,29,34,3,10,9,1,5,7,2
33,2,19,22,3,9,7,2,5,6,3
28,13,38,58,4,14,12,2,7,9,3
6,20,46,77,4,15,12,3,10,10,4
10,28,47,91,4,19,16,3,9,10,3
14,13,38,58,2,14,10,4,8,7,5
31,8,29,41,2,12,10,2,4,6,2
15,25,46,85,3,20,18,2,9,11,3
15,8,42,55,2,19,17,2,10,11,4
12,12,49,67,2,23,20,3,10,11,4
1,78,59,179,4,35,30,5,24,22,6
10,30,52,99,2,34,27,7,24,21,8
8,24,49,85,,22,17,5,16,15,5
18,19,48,76,,22,20,2,16,18,2
10,28,45,88,,29,25,4,19,18,5
22,9,37,50,,15,12,3,6,7,4
15,29,49,93,,15,13,3,7,8,3
5,33,58,109,5,19,16,3,11,11,4
19,22,53,87,2,16,13,3,6,7,3
14,14,47,68,2,12,9,3,9,9,5
23,14,40,62,2,10,8,3,6,7,4
13,27,47,88,2,15,13,2,7,8,3
11,12,45,64,3,16,14,2,8,9,3
7,43,48,113,4,20,16,4,15,14,5
12,16,46,71,2,17,13,4,9,9,4
9,50,71,148,3,22,19,4,11,11,4
13,25,57,95,2,16,12,3,8,9,4
11,26,58,97,2,14,11,3,8,8,4
22,5,35,43,4,12,9,3,7,7,4
35,3,24,28,4,17,13,3,7,8,3
53,2,16,19,3,23,18,5,10,10,4
41,6,29,38,3,14,12,2,3,6,2
9,63,67,164,4,20,17,3,10,11,3
9,64,67,165,4,20,17,3,12,12,4
21,16,45,69,1,11,10,2,4,6,2
25,23,48,84,2,9,6,3,3,4,4
10,32,53,102,2,13,10,3,5,7,3
17,21,44,76,2,13,11,2,5,7,3
20,23,50,85,2,12,9,3,5,6,4
21,23,43,78,2,14,12,2,5,8,2
7,32,55,105,3,23,18,5,15,14,5
5,33,59,110,2,16,12,5,12,11,5
7,45,69,138,3,18,14,3,10,10,4
13,29,63,107,4,13,9,4,8,8,4
35,5,34,41,3,13,10,4,6,6,4
25,26,44,84,4,15,11,4,6,7,4
22,28,57,100,3,10,7,3,2,4,2
13,26,65,105,3,15,11,4,7,8,3
18,17,47,73,3,12,8,4,7,7,5
17,25,49,87,2,13,10,3,7,9,3
4,47,68,140,3,23,17,5,16,15,5
23,13,50,71,3,11,7,4,5,5,4
29,10,46,62,,12,10,3,4,6,3
12,26,53,92,,13,11,2,6,8,2
6,37,60,117,,14,12,2,7,8,3
10,15,48,71,4,17,12,5,11,10,5
12,57,63,150,5,24,21,4,12,13,3
1,73,67,179,3,35,29,6,23,21,6
2,39,54,113,2,,,,18,16,6
9,18,51,78,2,,,,14,12,6
14,21,51,82,2,14,12,2,11,11,5
28,6,28,38,4,6,4,1,7,7,5
49,1,16,18,,4,3,1,5,4,5
55,1,7,9,,10,8,2,7,7,5
49,3,20,24,,6,4,1,3,4,4
35,17,36,61,,5,7,-2,3,7,1
12,26,54,94,,13,13,0,8,11,2
31,10,45,60,,12,11,2,7,8,4
48,6,30,39,,20,20,0,11,13,3
61,1,15,17,,9,9,1,6,7,4
