Ozone,NO,NO2,NOX,SO2,CO,PM10,NV_PM10,V_PM10,PM2.5,NV_PM2.5,V_PM2.5
54,2,44,48,0,0.35,24,17,8,16,12,7
54,5,50,57,0,0.35,20,15,6,13,11,5
72,6,38,42,0,0.23,23,22,9,15,11,7
72,10,63,77,3,0.47,26,23,9,18,13,8
68,6,29,34,0,0.23,27,22,8,13,12,5
54,106,80,243,8,0.47,32,27,7,20,15,7
54,4,55,61,3,0.35,25,20,7,19,15,5
54,27,63,94,3,0.47,27,20,7,23,19,5
38,15,63,82,0,0.35,26,20,9,21,16,6
30,31,65,113,0,0.58,23,18,7,17,13,6
44,51,78,157,3,0.47,,,,18,13,6
50,25,67,105,3,0.35,,,,17,13,7
32,112,90,254,5,0.93,42,38,6,31,27,6
20,427,172,820,19,1.9,81,72,11,59,54,10
48,79,88,207,5,0.7,40,35,8,29,23,7
12,221,147,486,27,1.2,56,50,9,37,34,8
8,546,207,1044,21,2.2,78,68,11,52,47,9
28,19,59,88,3,0.47,53,41,14,44,34,11
50,21,61,88,8,0.47,17,12,8,13,8,7
54,12,61,80,5,0.58,32,27,7,17,14,5
66,6,29,36,3,0.81,23,20,8,17,12,7
64,9,46,54,3,0.35,26,22,6,17,13,5
42,45,80,149,3,0.47,28,24,7,17,14,4
6,152,99,325,8,1.1,38,30,8,27,24,6
46,27,78,119,3,0.7,30,21,10,20,14,8
74,16,77,101,3,0.47,22,18,8,14,10,5
48,80,82,205,11,0.7,36,30,6,17,16,6
40,30,69,115,3,0.47,34,26,8,22,19,7
32,29,71,103,3,0.47,40,33,10,34,27,9
30,66,82,180,5,0.47,42,34,10,32,29,7
34,77,77,189,8,0.58,71,63,12,65,61,9
54,27,61,103,5,0.35,,,,38,32,8
62,27,69,111,3,0.23,27,24,5,16,13,5
50,123,101,291,8,0.81,54,45,10,41,34,9
38,203,109,417,11,0.93,60,48,17,56,41,17
32,65,73,172,5,0.47,,,,,,
4,165,99,352,11,0.7,,,,,,
44,107,86,251,13,0.7,,,,52,40,15
52,14,55,73,3,0.47,,,,22,17,7
56,99,98,249,5,0.58,67,53,15,43,34,11
30,104,90,243,11,0.58,51,40,14,44,32,14
26,135,109,296,8,0.93,84,66,18,80,60,20
16,233,119,476,11,1.2,90,71,19,84,63,23
56,138,69,279,5,0.58,44,30,14,39,26,14
66,16,59,84,3,0.35,46,40,7,24,17,8
58,7,36,46,3,0.35,28,25,6,18,13,5
62,117,94,273,5,0.58,31,26,7,21,17,5
40,59,71,161,13,0.81,30,23,9,24,18,8
70,14,75,96,3,0.35,59,51,8,28,20,8
70,99,96,243,5,0.81,38,35,5,31,25,6
60,126,98,289,5,0.81,45,39,7,34,31,7
62,17,67,94,3,0.35,25,21,9,,,
60,7,46,55,3,0.35,27,19,14,16,15,8
38,27,63,86,11,0.35,23,17,7,27,15,12
44,9,55,65,5,0.47,23,16,9,27,18,10
70,44,86,153,5,0.58,39,33,11,29,21,8
52,54,92,145,5,0.7,40,31,12,26,23,8
48,17,59,78,3,0.47,33,24,10,25,16,10
,,,,,,,,,38,34,12
,,,,,,68,60,15,42,32,15
24,155,105,308,5,0.81,77,56,23,63,45,18
14,89,90,226,16,0.58,85,63,27,74,53,23
80,36,55,109,5,0.47,73,54,22,63,48,19
68,4,36,40,0,0.35,33,23,14,16,11,7
68,6,36,42,5,0.23,19,15,6,,,
58,35,98,151,3,0.58,31,24,8,23,17,7
68,11,55,63,3,0.35,25,16,17,16,15,10
72,35,99,153,13,0.47,42,36,6,33,30,6
58,10,73,80,0,0.47,35,29,9,19,15,5
52,7,48,55,3,0.58,33,21,12,25,18,9
56,133,105,306,5,0.93,52,43,11,44,37,8
16,156,80,302,8,0.81,55,43,17,40,33,11
32,41,78,130,3,0.58,62,46,17,53,40,15
34,96,88,233,51,0.7,93,63,33,74,54,20
32,210,94,415,11,0.93,97,74,25,93,67,26
64,26,52,90,3,0.58,59,38,21,52,34,20
60,5,52,55,3,0.35,63,34,29,38,27,12
68,42,92,157,3,0.58,31,26,9,25,21,9
72,87,77,210,11,0.58,34,29,10,27,21,7
72,183,122,404,11,1.5,52,45,8,32,29,6
58,52,82,153,8,0.47,44,35,15,30,23,10
52,84,96,203,13,0.58,81,58,25,71,50,24
74,155,111,329,13,0.81,101,76,28,90,64,27
74,94,80,208,13,0.58,97,68,35,86,60,29
46,22,78,101,0,0.47,41,29,13,33,24,9
70,100,78,222,21,0.58,74,54,22,65,47,20
62,72,101,199,16,0.47,36,25,11,26,18,9
80,238,124,488,,1.1,87,62,25,48,40,10
88,153,103,339,,0.81,73,61,22,56,42,16
58,29,77,107,5,0.47,72,55,22,55,42,18
80,4,38,38,3,0.23,39,31,13,33,24,9
88,66,98,199,5,0.7,39,36,8,30,27,10
86,142,92,310,8,0.7,63,54,13,40,33,9
70,92,84,226,5,0.58,52,38,14,42,30,12
66,40,61,120,5,0.35,44,32,13,38,28,10
68,7,55,63,3,0.35,46,35,13,30,23,10
82,42,80,145,3,0.35,31,22,10,23,16,8
78,5,52,55,3,0.35,26,19,9,19,13,7
54,9,57,59,0,0.35,38,29,12,27,19,9
76,2,19,23,0,0.23,22,14,9,15,7,8
90,9,52,55,3,0.35,19,15,7,14,8,6
72,30,71,105,5,0.35,22,18,8,14,13,7
68,69,80,176,3,0.58,29,24,8,24,19,7
70,25,90,113,5,0.47,48,34,14,41,29,13
82,7,65,77,3,0.35,54,36,18,44,29,16
82,6,42,46,3,0.23,23,17,12,10,9,4
80,26,71,109,3,0.35,28,23,9,13,11,7
88,6,52,54,3,0.35,23,17,11,12,7,8
84,5,50,52,3,0.35,,,,12,10,7
58,17,82,92,3,0.47,,,,19,13,8
88,31,63,111,5,0.7,,,,23,19,7
92,15,54,73,3,0.23,,,,16,11,5
94,5,34,38,3,0.7,,,,12,9,5
72,11,57,75,3,0.23,,,,14,9,5
80,7,59,61,0,0.81,,,,22,18,8
88,7,52,63,3,0.23,,,,17,12,8
104,5,33,38,0,0.23,,,,14,11,5
98,7,77,88,0,0.35,,,,17,13,4
80,7,40,50,3,0.23,,,,20,13,10
84,19,55,84,3,0.47,,,,19,15,7
94,11,52,67,8,0.35,,,,17,13,6
92,49,78,151,3,0.47,,,,43,30,14
80,11,44,57,0,0.23,,,,35,33,11
78,11,54,71,3,0.35,,,,18,13,8
76,11,57,69,0,0.23,,,,23,17,7
86,5,29,34,3,0.12,,,,15,11,7
84,17,103,130,3,0.47,,,,22,17,6
84,17,78,90,3,0.35,,,,24,17,7
92,12,61,77,0,0.35,,,,19,12,9
56,49,84,155,3,0.47,,,,21,17,7
58,10,31,42,0,0.23,,,,15,10,8
86,7,27,29,8,0.23,,,,11,10,4
96,5,61,69,0,0.23,,,,18,13,5
110,27,63,105,3,0.35,,,,25,22,11
80,5,38,44,5,0.23,,,,14,11,6
66,10,67,73,3,0.23,,,,14,11,4
82,17,55,77,5,0.23,,,,13,13,5
92,7,69,75,11,0.23,,,,30,21,9
76,22,57,86,11,0.35,,,,34,23,12
,6,34,42,3,0.35,,,,55,49,10
,4,23,25,3,0.23,,,,19,13,6
,7,36,42,3,0.23,,,,35,29,8
,10,65,67,3,0.47,,,,37,30,10
104,9,54,59,3,0.47,,,,55,44,11
98,19,78,84,3,0.47,,,,65,51,16
124,17,50,77,8,0.35,,,,58,43,17
132,6,38,40,5,0.23,,,,33,24,10
152,7,69,71,8,0.35,,,,29,22,7
134,45,94,163,5,0.47,,,,38,29,12
102,7,75,78,13,0.35,,,,39,28,11
96,17,38,65,3,0.35,,,,40,31,12
68,9,34,46,5,0.23,,,,25,17,9
80,9,52,63,3,0.35,27,21,7,,,
62,14,48,65,27,0.23,25,16,9,,,
62,5,48,52,3,0.23,25,19,6,,,
76,36,61,115,0,0.47,15,14,2,,,
86,92,59,197,5,0.58,24,22,5,,,
56,9,23,36,0,0.58,17,16,2,,,
64,12,52,67,3,0.35,16,15,4,,,
68,2,19,23,0,0.23,14,15,2,,,
86,4,48,50,3,0.23,12,12,2,,,
74,7,44,50,3,0.35,18,17,4,,,
64,12,44,63,0,0.35,,,,,,
74,9,48,59,0,0.23,10,10,1,,,
66,20,52,82,5,0.23,14,12,2,,,
78,24,67,92,11,0.23,28,23,8,,,
74,6,31,36,3,0.23,16,13,5,,,
86,2,19,19,3,0.12,19,17,3,,,
94,1,31,31,3,0.23,12,11,4,,,
86,6,34,40,16,0.47,,,,,,
86,10,82,96,8,0.35,,,,,,
96,72,80,182,5,0.47,,,,,,
82,16,69,90,3,0.35,,,,,,
74,4,27,31,3,0.23,,,,,,
70,2,21,23,3,0.23,,,,,,
76,2,33,33,3,0.23,,,,,,
80,10,44,46,8,0.23,,,,,,
64,12,36,55,13,0.23,,,,17,11,7
26,61,42,136,3,0.47,17,15,4,14,11,5
84,62,50,140,3,0.47,40,36,6,18,15,6
78,7,40,52,0,0.23,22,21,2,11,10,4
84,4,19,19,3,0.23,13,14,2,10,8,4
64,2,21,21,0,0.23,17,17,2,14,12,3
62,7,34,46,3,0.23,16,15,3,9,8,3
46,12,36,52,3,0.23,13,11,5,11,9,5
38,16,36,61,3,0.35,11,12,4,16,9,7
78,15,40,63,3,0.23,17,16,3,,,
60,25,48,84,3,0.35,20,19,3,,,
66,9,59,73,3,0.23,13,11,3,,,
66,5,63,67,3,0.35,18,17,4,,,
46,11,38,50,3,0.93,23,21,4,,,
52,11,40,52,3,0.23,17,15,3,,,
58,10,54,63,19,0.35,16,17,5,,,
60,14,36,52,8,0.23,23,17,6,,,
58,7,29,40,0,0.35,16,15,8,,,
62,6,54,55,3,0.35,22,13,10,,,
74,2,42,42,3,0.23,17,14,4,,,
46,10,29,40,3,0.23,30,30,4,,,
46,10,27,38,5,0.35,20,17,4,11,10,3
36,40,31,92,3,0.23,16,12,6,10,9,7
60,9,40,44,8,0.23,16,14,13,10,9,2
58,16,34,57,0,0.23,15,14,5,10,9,4
76,11,46,48,0,0.23,17,15,4,12,10,4
102,5,33,40,3,0.35,17,13,4,12,9,3
116,10,48,63,5,0.23,18,17,5,15,12,3
158,29,75,119,5,0.35,27,25,6,23,21,4
186,59,90,180,5,0.47,42,41,7,29,27,8
138,15,80,94,3,0.23,38,32,7,30,24,7
104,45,73,136,13,0.47,55,45,11,41,32,9
82,6,38,40,5,0.23,14,12,4,8,7,4
68,4,54,59,3,0.23,15,12,3,8,6,3
84,14,38,57,3,0.35,13,13,3,7,5,3
76,11,42,57,3,0.23,26,21,7,14,13,4
66,21,44,75,3,0.35,26,21,7,15,13,4
58,6,21,27,3,0.23,20,16,7,9,8,2
72,11,29,46,3,0.23,18,17,4,9,8,3
64,6,25,33,3,0.23,23,18,12,8,7,3
68,7,27,38,3,0.23,21,15,6,8,7,3
72,16,36,61,5,0.23,18,16,5,10,10,4
58,27,40,82,3,0.23,14,14,3,7,7,2
70,41,67,128,3,0.47,18,16,5,11,11,3
120,91,65,193,5,0.47,30,26,10,21,19,4
128,65,75,174,3,0.35,38,31,11,34,28,7
102,17,77,80,5,0.35,34,26,9,26,19,8
126,12,42,57,3,0.35,43,35,10,30,22,9
,,,,,,16,14,6,10,8,3
,,,,,,16,12,5,10,7,4
66,50,82,159,24,0.58,43,33,11,28,22,7
60,9,46,59,3,0.23,23,21,5,13,11,3
88,7,61,69,0,0.35,18,15,5,13,11,3
70,12,59,78,5,0.47,32,30,15,21,21,3
118,22,55,78,3,0.47,21,17,5,15,13,3
76,12,59,63,3,0.23,16,14,5,13,10,3
52,123,71,260,5,0.35,64,62,5,38,35,4
70,9,50,52,3,0.23,21,19,6,11,9,3
78,19,46,63,0,0.35,20,17,5,13,11,7
78,6,40,44,3,0.47,21,18,5,13,10,3
60,4,33,36,0,0.35,13,11,5,8,7,3
70,6,55,65,0,0.35,19,16,11,10,10,4
68,4,34,34,0,0.35,25,21,8,9,7,3
70,14,46,67,0,0.7,17,15,3,9,7,3
52,7,38,50,0,0.23,21,18,6,11,9,4
54,14,36,48,3,0.23,49,49,2,17,17,3
64,24,69,84,5,0.35,27,26,3,11,11,3
60,15,40,55,0,0.35,20,17,5,12,9,4
40,15,42,57,3,0.47,18,15,4,12,11,3
70,133,88,293,5,0.58,30,30,7,18,18,4
48,46,61,132,16,0.47,30,24,6,24,21,5
72,14,69,82,3,0.23,24,24,5,14,13,4
76,165,80,321,5,0.58,37,34,5,25,24,5
74,65,88,186,8,0.47,39,34,7,24,21,5
94,87,98,231,8,0.58,37,33,6,28,25,4
132,146,101,325,8,1.1,49,43,7,40,36,6
78,4,25,27,3,0.23,19,16,5,12,11,5
72,4,57,59,8,0.12,13,10,5,7,7,5
52,37,55,113,3,0.47,,,,9,9,3
66,30,50,94,3,0.47,,,,12,10,5
62,4,40,44,3,0.23,,,,10,7,7
72,30,59,92,3,0.35,,,,16,14,5
56,2,36,38,0,0.35,,,,16,13,5
62,12,38,55,0,0.23,,,,9,8,3
60,7,40,44,3,0.23,,,,8,6,4
58,29,69,90,5,0.35,15,14,6,11,10,4
60,22,57,84,0,0.35,15,13,3,13,10,5
46,35,69,122,16,0.47,20,18,4,13,12,7
62,15,75,96,0,0.47,21,20,4,18,15,4
46,19,63,78,3,0.47,30,16,19,21,14,12
64,96,63,210,5,0.7,35,28,13,29,19,12
64,11,40,50,3,0.35,13,12,3,18,9,17
50,152,75,306,8,0.93,31,31,3,29,27,3
58,27,73,111,5,0.47,19,17,3,15,13,4
58,16,63,77,0,0.35,13,12,3,9,10,6
66,51,78,157,3,0.58,28,27,3,25,21,4
64,34,61,113,3,0.47,23,20,5,18,14,5
66,14,48,69,3,0.35,14,12,5,9,6,5
60,12,50,69,3,0.23,17,15,5,9,6,3
56,16,61,73,3,0.23,17,15,6,11,9,5
54,104,63,222,5,0.47,19,18,4,15,10,8
62,16,55,78,3,0.23,12,10,7,11,10,5
72,157,86,327,8,0.93,39,37,4,27,30,7
32,111,65,222,3,0.47,28,26,6,28,26,7
28,44,65,130,0,0.35,26,17,9,23,17,9
42,39,73,117,3,0.35,30,22,8,25,18,7
40,72,84,184,16,0.35,67,68,3,55,56,7
32,125,73,264,8,0.58,47,42,10,34,29,8
56,15,65,88,8,0.23,14,13,2,11,10,7
52,60,59,151,3,0.35,15,12,5,14,10,5
62,57,59,134,3,0.35,18,16,5,21,18,6
54,85,65,195,3,0.47,28,22,6,23,21,6
66,11,69,86,0,0.35,20,19,4,13,11,5
66,7,67,77,0,0.35,21,20,6,11,11,7
66,6,55,65,0,0.35,15,14,4,12,11,4
28,77,77,195,3,0.58,27,24,5,16,12,5
32,66,71,168,3,0.7,27,23,7,23,20,6
44,11,61,78,0,0.35,17,12,6,12,10,9
38,67,46,145,3,0.47,106,95,11,51,45,8
24,32,48,94,3,0.47,48,38,14,39,32,10
8,61,57,142,8,0.47,89,77,16,71,64,16
56,20,44,73,3,0.23,25,19,11,19,9,13
62,11,34,52,3,0.47,18,14,4,14,8,7
62,17,54,80,3,0.58,19,18,3,15,10,5
36,10,52,65,3,0.35,20,15,6,14,11,5
46,26,71,111,3,0.35,20,16,4,19,15,5
44,60,84,166,16,0.7,25,22,6,20,17,10
60,20,65,88,3,0.35,18,14,7,12,9,6
68,21,77,109,3,0.47,16,14,7,14,15,6
62,34,77,117,3,0.58,24,23,3,18,22,3
62,20,78,109,3,0.47,94,93,5,83,85,4
46,146,78,300,5,0.81,49,44,8,42,40,7
48,162,84,327,5,0.81,87,84,5,76,75,6
28,114,71,243,3,0.81,65,63,6,58,56,7
38,81,61,184,3,0.58,,,,14,12,6
54,42,80,145,5,0.47,22,23,3,20,20,5
50,46,67,138,3,0.35,23,19,5,17,16,5
52,40,71,126,5,0.58,49,48,4,44,43,4
52,95,94,239,5,0.81,48,46,6,47,43,4
30,61,77,170,3,0.47,33,28,6,29,25,4
50,34,69,120,3,0.7,26,24,5,16,16,4
46,55,75,159,29,0.58,42,33,10,36,27,9
8,166,84,339,29,0.58,59,49,13,50,41,15
16,62,63,153,3,0.35,62,50,16,51,39,16
44,24,63,94,3,0.47,40,32,10,32,24,9
38,49,94,168,5,0.58,34,29,6,27,24,7
56,45,69,138,5,0.47,27,20,7,22,15,7
60,4,42,46,3,0.35,17,14,5,10,9,4
36,17,73,96,3,0.35,25,19,6,22,16,6
78,4,42,44,3,0.23,20,15,5,9,7,4
76,131,96,281,5,0.93,34,29,7,21,22,3
14,230,88,440,8,1.1,46,40,10,38,36,9
70,5,42,48,3,0.35,16,13,7,9,8,7
78,37,82,134,3,0.7,21,16,6,18,14,4
46,29,63,107,3,0.35,26,16,10,23,14,11
48,12,48,61,8,0.58,14,11,4,8,7,4
36,99,80,226,5,0.58,31,26,6,23,18,7
4,247,98,476,11,0.81,47,40,11,42,35,11
28,193,77,373,8,0.7,48,40,9,42,35,9
28,86,88,220,3,0.58,38,33,7,36,31,8
50,27,80,117,3,0.35,22,18,7,14,8,8
46,87,90,224,5,0.58,31,27,6,25,24,5
36,145,77,293,5,0.58,,,,26,23,5
58,95,71,216,5,0.47,32,27,8,22,19,7
62,15,75,98,3,0.23,14,13,4,11,10,3
34,71,82,191,3,0.58,33,28,6,28,23,7
56,16,61,86,3,0.35,21,16,5,15,11,5
50,25,57,96,3,0.23,17,15,3,10,10,4
14,183,90,371,8,0.7,34,30,9,29,28,10
2,354,130,671,16,1.3,73,62,11,63,58,11
12,186,82,367,16,0.58,54,44,11,46,36,10
70,95,69,205,5,0.58,57,46,14,47,37,13
60,5,54,57,0,0.35,20,17,5,11,11,4
56,7,71,77,0,0.23,19,16,5,11,8,3
56,39,80,140,0,0.47,21,19,5,12,10,3
40,123,86,268,8,0.7,34,30,8,29,23,6
32,87,86,220,3,0.47,35,27,9,28,21,11
36,60,67,151,5,0.35,17,14,9,10,9,6
38,62,80,164,5,0.47,30,24,6,20,14,7
66,24,73,109,3,0.47,21,18,7,13,10,6
60,2,44,46,0,0.23,25,22,6,12,10,3
62,4,46,52,3,0.23,23,19,8,12,8,6
74,4,33,34,3,0.35,12,11,8,6,7,4
70,2,31,33,3,0.23,23,21,7,9,8,4
74,4,46,50,3,0.35,21,17,5,9,9,3
72,14,61,82,3,0.23,16,13,6,13,9,5
82,2,46,50,3,0.35,19,15,7,8,7,4
80,2,27,29,3,0.35,25,21,4,12,9,4
82,1,36,38,3,0.35,18,14,7,10,10,4
66,5,58,64,5,0.46,28,26,6,19,17,3
26,57,67,152,4,0.42,19,21,3,13,12,2
49,6,59,67,2,0.46,17,17,5,12,9,3
67,6,51,54,11,0.23,20,15,7,15,11,5
54,14,64,87,2,0.37,21,15,6,18,15,5
44,16,59,80,3,0.4,32,26,8,27,22,7
41,23,46,80,3,0.4,20,16,7,15,12,4
49,19,63,92,3,0.4,28,24,6,17,16,4
37,331,118,625,14,1.4,51,46,7,37,34,6
17,354,110,643,14,1.4,55,44,11,41,37,8
10,167,100,356,7,0.69,51,40,12,43,34,10
37,31,77,124,3,0.46,35,24,11,27,19,12
35,25,68,104,2,0.46,28,22,9,25,18,8
53,55,74,155,3,0.58,29,22,10,24,18,8
56,95,78,220,5,0.61,30,23,7,25,19,6
15,250,113,497,11,1.2,59,50,10,51,44,9
12,484,169,912,18,1.7,68,59,12,58,51,10
35,33,65,106,5,0.48,44,35,13,42,36,12
41,16,55,77,3,0.43,39,27,11,37,28,10
54,13,58,72,2,0.38,28,22,9,26,19,8
35,86,98,229,5,0.77,38,31,7,38,31,7
16,167,102,359,7,0.97,,,,,,
38,48,74,143,8,0.61,,,,,,
35,43,89,153,4,0.5,,,,,,
42,117,98,276,6,0.7,42,31,13,40,30,11
69,32,72,120,4,0.44,30,21,9,31,22,10
77,3,42,45,3,0.31,19,17,7,13,10,6
72,23,69,104,2,0.39,23,22,8,13,12,8
77,14,69,91,2,0.44,21,20,4,13,12,5
72,5,49,54,2,0.33,26,25,6,14,14,3
72,5,44,48,2,0.31,24,22,7,12,11,6
66,111,95,263,7,0.75,31,29,6,27,24,6
64,43,81,146,4,0.48,24,21,4,19,19,4
57,22,81,114,3,0.54,27,23,7,21,19,6
74,4,46,51,4,0.3,26,22,6,14,12,6
79,7,50,60,6,0.28,16,13,6,9,8,9
66,9,43,58,3,0.29,14,13,3,10,10,3
50,21,62,92,6,0.39,22,18,4,19,16,4
61,84,77,194,11,0.56,30,23,8,27,20,8
63,29,70,110,2,0.41,26,19,9,24,19,7
45,10,56,72,3,0.4,21,14,9,19,12,8
,,,,,,40,32,8,33,26,8
,,,,,,53,44,11,44,36,12
31,34,57,109,3,0.47,61,57,15,59,51,14
56,25,77,110,3,0.33,23,16,11,21,12,10
59,143,108,328,7,0.91,45,41,5,32,31,5
69,83,91,217,4,0.69,39,34,7,30,26,5
64,84,83,212,8,0.67,58,46,15,60,44,16
22,102,86,222,7,0.61,58,46,15,57,41,16
10,391,132,713,13,1.3,75,60,15,72,57,17
41,24,55,89,7,0.36,54,42,17,53,40,22
54,14,49,70,2,0.19,28,20,10,23,14,9
65,14,47,66,2,0.17,18,15,10,13,9,5
66,7,46,50,2,0.32,40,36,9,36,32,7
64,5,31,38,3,0.28,35,28,7,29,26,6
69,10,43,56,2,0.28,30,25,9,22,19,5
61,35,56,110,3,0.36,64,52,13,56,46,10
61,10,62,75,2,0.25,,,,23,18,8
59,22,76,109,3,0.33,36,32,6,21,20,6
71,17,55,81,3,0.29,29,23,6,17,14,5
80,132,106,308,9,0.9,54,45,9,47,38,9
61,323,125,620,14,1.5,,,,55,45,10
44,89,92,229,6,0.65,63,46,18,52,38,16
71,236,110,472,11,1,80,64,19,66,53,15
10,118,98,268,3,0.76,74,57,19,66,49,17
5,131,95,294,6,0.94,82,65,22,60,46,21
3,84,72,188,4,0.66,60,44,18,54,39,15
38,23,41,74,3,0.48,46,34,13,43,30,14
68,6,27,37,2,0.21,19,13,8,16,11,7
78,9,29,40,2,0.15,13,11,5,9,6,6
80,8,59,72,4,0.28,23,18,7,17,14,5
69,14,62,76,6,0.28,24,18,8,19,15,6
69,48,96,140,13,0.39,34,24,10,32,22,11
75,7,48,55,2,0.27,21,16,7,12,10,5
86,3,32,34,2,0.27,21,15,6,16,11,5
81,10,72,78,2,0.34,21,16,5,18,14,6
43,170,109,370,9,0.85,40,29,11,35,27,8
55,54,101,175,3,0.51,48,36,13,46,32,14
51,41,62,122,3,0.43,69,53,17,59,48,14
45,30,77,118,4,0.39,47,35,13,40,30,12
36,24,70,100,5,0.45,61,45,17,52,37,18
56,13,59,74,2,0.42,48,36,16,42,31,15
61,6,52,61,3,0.33,42,32,10,35,25,11
77,9,46,58,3,0.49,40,34,7,30,24,7
79,10,58,68,3,0.3,36,30,9,29,22,8
69,14,58,73,4,0.27,,,,40,31,10
83,19,57,83,3,0.33,42,36,7,41,31,12
92,5,58,64,2,0.3,22,20,5,19,16,5
89,6,59,66,2,0.33,25,23,4,24,22,5
93,8,64,77,2,0.27,20,18,4,16,14,5
101,5,41,48,2,0.25,34,31,7,35,28,8
91,10,44,59,3,0.18,18,15,4,12,10,6
86,7,39,50,4,0.18,28,26,6,21,21,6
93,8,43,54,1,0.21,36,32,6,32,27,7
93,7,36,43,1,0.15,23,20,4,17,14,6
102,8,103,112,1,0.31,27,26,6,26,22,7
103,21,100,123,2,0.38,37,30,12,33,26,12
76,23,75,106,6,0.26,44,34,15,40,29,18
52,56,86,164,4,0.55,59,47,14,62,46,18
60,39,72,129,3,0.38,76,63,20,79,59,22
60,48,98,172,4,0.49,39,30,17,35,24,13
67,12,92,111,2,0.4,23,19,8,18,16,6
81,13,64,84,1,0.22,21,20,7,15,12,5
98,3,31,32,3,0.16,20,18,5,12,9,4
103,5,36,43,2,0.19,27,23,6,14,13,3
92,5,39,40,3,0.19,,,,14,12,3
86,6,44,53,3,0.25,,,,15,12,4
94,5,31,33,2,0.16,,,,15,12,3
75,10,90,105,1,0.24,,,,15,13,3
73,17,84,110,1,0.26,,,,14,12,5
90,27,80,117,4,0.29,,,,22,16,6
80,8,49,61,3,0.19,,,,19,16,7
73,13,66,74,2,0.24,,,,17,15,5
40,16,71,83,2,0.28,,,,21,18,5
109,23,47,74,3,0.25,,,,26,20,10
81,13,66,73,4,0.24,,,,17,12,7
86,5,49,50,2,0.23,,,,16,12,4
86,29,72,109,3,0.28,,,,19,14,8
76,33,97,141,2,0.28,,,,14,12,3
70,13,51,72,3,0.18,,,,15,14,3
83,22,73,84,2,0.23,,,,21,18,6
91,15,101,118,2,0.25,,,,35,32,5
88,97,105,251,6,0.44,,,,29,22,7
92,3,28,28,2,0.17,,,,10,8,4
66,6,38,48,4,0.22,,,,16,13,3
99,17,51,78,5,0.26,,,,21,18,4
70,100,129,267,9,0.53,,,,53,39,15
66,11,112,121,5,0.3,,,,62,44,20
79,4,26,32,2,0.19,,,,11,7,4
82,3,26,29,2,0.17,,,,13,13,4
83,3,39,39,2,0.19,,,,8,7,3
75,3,29,30,2,0.19,,,,13,9,4
85,4,31,32,2,0.15,,,,14,10,4
92,7,53,60,3,0.25,,,,12,7,6
85,6,49,52,3,0.34,,,,10,9,4
86,51,80,140,4,0.42,,,,19,18,5
71,14,55,76,2,0.22,,,,20,18,6
77,13,88,108,3,0.35,,,,31,25,9
93,17,89,111,2,0.43,,,,41,30,11
,11,48,64,2,0.28,,,,47,40,11
,7,51,56,2,0.23,,,,28,22,8
,11,52,66,1,0.26,,,,,,
,6,50,55,2,0.2,,,,9,6,3
,15,39,62,3,0.21,,,,,,
83,67,96,198,,0.54,,,,,,
110,56,86,171,,0.52,,,,,,
115,2,41,41,,0.19,,,,,,
85,27,86,127,,0.34,,,,,,
51,23,51,82,,0.3,,,,,,
74,7,47,54,,0.24,,,,24,20,6
101,6,59,61,,0.32,,,,30,25,7
72,8,30,35,3,0.26,,,,14,12,5
94,5,63,66,3,0.23,,,,17,13,4
68,15,66,72,2,0.23,,,,18,16,6
77,10,26,41,2,0.17,,,,13,7,6
74,10,57,65,3,0.23,,,,17,14,4
83,15,41,55,3,0.23,,,,13,12,5
58,21,46,78,2,0.28,,,,14,11,3
69,6,12,18,1,0.14,,,,12,9,4
59,5,24,30,2,0.15,,,,12,9,4
73,10,47,57,2,0.21,,,,14,12,4
69,29,66,111,4,0.34,,,,24,20,6
51,5,21,29,3,0.27,,,,11,9,5
57,5,24,27,2,0.19,,,,12,9,3
65,9,29,43,2,0.22,,,,12,10,5
64,4,14,20,2,0.24,,,,12,11,4
71,18,71,92,3,0.3,,,,15,12,4
78,25,58,91,5,0.29,,,,16,13,3
57,42,67,131,4,0.48,,,,38,32,6
91,56,54,134,4,0.48,,,,47,40,10
70,32,81,126,5,0.42,,,,52,42,13
59,11,37,53,3,0.31,,,,25,21,5
63,3,17,20,3,0.27,,,,11,9,5
54,2,25,27,2,0.19,,,,8,9,2
59,7,53,64,1,0.24,,,,11,9,3
66,102,79,235,5,0.53,,,,17,17,4
75,61,76,154,3,0.41,,,,22,18,4
66,12,36,53,2,0.24,,,,15,13,5
28,16,29,51,2,0.28,,,,12,10,6
81,3,35,36,3,0.25,,,,10,10,3
51,6,35,36,3,0.25,,,,14,14,5
66,5,55,55,2,0.19,,,,18,16,3
58,13,41,59,4,0.23,,,,16,14,3
40,13,47,53,3,0.21,,,,9,9,3
54,11,29,37,2,0.21,,,,12,12,3
70,48,56,125,4,0.27,,,,18,17,4
129,24,99,117,7,0.43,,,,55,46,9
134,12,94,113,4,0.38,,,,57,44,17
107,8,32,45,2,0.22,,,,19,16,6
81,14,69,86,4,0.23,,,,14,11,4
75,12,44,48,3,0.27,,,,18,15,4
83,9,51,59,2,0.23,,,,12,11,4
89,76,95,209,5,0.54,,,,19,19,3
108,101,91,245,5,0.54,,,,27,27,4
110,3,51,54,2,0.34,,,,30,28,4
110,17,74,82,4,0.36,,,,19,18,3
158,39,80,137,3,0.39,,,,,,
145,24,79,111,4,0.4,,,,,,
98,12,84,87,3,0.3,,,,,,
72,10,37,48,2,0.32,,,,,,
57,13,24,40,2,0.21,,,,12,9,4
105,4,50,52,3,0.37,,,,45,37,9
155,42,74,135,3,0.39,,,,38,29,12
120,33,88,138,2,0.43,,,,30,26,7
83,24,41,78,2,0.26,,,,13,9,4
77,11,33,49,1,0.29,,,,13,10,5
93,17,45,67,4,0.25,,,,11,9,5
107,51,69,146,4,0.45,,,,24,20,6
72,2,18,18,2,0.22,,,,12,9,3
69,7,28,29,1,0.22,,,,12,10,3
48,8,36,48,1,0.3,,,,11,9,5
38,11,37,54,1,0.28,,,,10,8,4
105,21,42,67,3,0.34,,,,14,12,4
67,9,28,40,3,0.24,,,,19,17,6
76,2,18,18,3,0.18,,,,10,8,3
70,2,25,25,2,0.2,,,,12,8,5
60,6,60,63,3,0.22,,,,,,
72,25,84,119,2,0.4,,,,16,13,4
82,26,84,124,2,0.36,,,,17,14,6
102,46,68,138,3,0.3,,,,17,16,5
75,13,37,52,1,0.3,,,,17,13,6
80,17,63,79,2,0.29,,,,17,14,4
76,3,44,45,2,0.34,,,,14,10,5
69,26,47,87,3,0.33,,,,10,8,4
59,47,57,128,3,0.43,,,,14,12,3
60,59,52,140,3,0.42,,,,14,12,5
44,11,24,41,2,0.29,,,,12,11,3
43,11,36,41,2,0.24,,,,14,12,2
56,8,35,38,3,0.24,,,,13,11,3
58,3,38,39,3,0.24,,,,8,7,3
74,27,67,108,2,0.3,,,,11,10,3
96,43,70,122,2,0.32,,,,14,14,4
98,21,52,79,4,0.29,,,,24,24,3
20,58,69,158,3,0.41,,,,20,18,4
145,23,96,101,9,0.51,,,,67,52,18
72,12,57,69,3,0.44,,,,82,60,22
96,8,83,89,2,0.47,,,,46,43,8
83,146,105,330,5,0.45,,,,44,44,9
91,44,85,152,2,0.36,,,,20,16,5
96,11,91,99,2,0.39,,,,21,19,7
73,29,63,99,3,0.31,,,,29,26,7
67,21,43,74,2,0.26,,,,12,9,4
71,6,44,46,2,0.21,,,,10,11,4
65,9,36,47,2,0.15,,,,11,9,3
63,14,58,69,2,0.27,,,,10,9,4
63,123,82,252,5,0.51,43,43,4,22,20,5
106,124,114,271,6,0.57,68,57,11,50,41,9
127,127,93,287,7,0.71,87,73,18,66,52,16
52,47,56,128,4,0.37,37,35,7,22,19,8
74,7,49,50,2,0.26,13,13,3,9,7,4
63,4,53,55,2,0.24,15,15,4,9,8,4
35,109,75,240,6,0.49,29,28,5,19,16,4
55,19,56,68,4,0.26,20,18,5,16,11,6
,20,46,77,3,0.3,16,15,3,13,10,7
,32,52,85,3,0.37,19,16,4,18,12,6
33,76,57,174,4,0.52,21,19,5,19,15,6
71,90,57,188,4,0.67,29,28,2,20,17,5
55,116,51,229,5,0.61,28,28,5,23,19,6
55,10,45,51,3,0.16,18,16,3,8,8,3
35,83,73,199,6,0.55,28,25,4,16,15,5
60,16,57,70,3,0.26,16,14,4,13,10,5
51,56,62,145,4,0.56,22,20,3,17,15,4
50,140,85,300,6,0.79,34,35,2,22,21,3
43,45,56,126,2,0.35,,,,23,22,4
26,72,56,166,4,0.67,31,27,4,22,19,4
21,83,70,167,5,0.47,,,,28,23,8
20,158,92,320,6,0.6,78,60,18,66,48,19
26,82,87,208,6,0.51,95,71,24,79,55,25
42,13,66,74,3,0.26,71,50,22,64,43,21
36,99,65,218,4,0.37,36,31,8,28,20,11
42,52,59,134,3,0.36,46,33,13,35,23,12
51,8,44,49,2,0.27,43,35,9,22,18,5
46,81,61,184,5,0.48,45,42,8,32,24,9
30,94,78,207,5,0.5,60,52,9,46,36,11
33,51,60,138,4,0.6,47,40,8,33,27,8
19,119,57,239,6,0.5,48,41,9,31,24,9
63,4,44,47,2,0.27,19,17,6,14,9,5
39,103,64,223,4,0.71,32,31,5,26,24,5
69,158,84,299,7,0.85,40,38,7,32,28,5
59,30,65,97,2,0.34,30,25,6,22,17,6
48,39,52,112,2,0.34,22,22,6,24,21,5
63,38,51,109,3,0.3,23,20,7,12,10,6
54,8,40,51,2,0.15,20,18,5,10,9,4
62,9,43,56,1,0.2,21,18,4,14,14,4
52,173,91,356,8,0.96,44,42,6,39,34,6
49,25,63,101,3,0.35,23,19,7,20,14,8
34,24,54,85,3,0.29,20,15,6,15,11,5
30,152,65,294,7,0.63,,,,28,24,7
54,193,69,357,9,0.66,,,,30,25,8
61,72,89,200,4,0.6,31,29,4,18,16,4
38,208,91,409,9,0.77,50,49,6,22,22,5
57,14,44,64,3,0.54,29,26,5,16,15,5
66,3,41,43,3,0.26,28,27,6,10,8,4
59,7,54,65,3,0.33,22,20,4,11,7,5
72,8,43,54,3,0.28,26,24,6,14,12,8
77,7,61,71,3,0.31,24,24,7,13,13,5
59,176,78,347,7,1,34,34,5,20,17,6
61,15,49,72,3,0.36,30,28,6,19,12,7
71,2,24,27,2,0.23,23,19,5,10,8,5
76,2,20,20,3,0.2,31,28,6,15,13,6
72,4,55,62,5,0.24,15,13,9,,,
55,38,78,136,2,0.42,27,27,4,16,16,3
56,71,64,169,4,0.4,24,23,4,15,13,4
63,14,52,72,3,0.25,27,23,7,14,10,6
65,28,66,105,4,0.4,35,30,5,27,21,5
74,28,57,97,3,0.36,31,26,8,26,20,6
74,8,62,70,3,0.28,28,22,11,20,12,9
75,58,85,174,5,0.47,32,31,6,25,24,4
55,42,66,130,4,0.41,27,25,6,22,18,5
54,67,68,171,4,0.48,26,21,5,15,12,4
51,47,77,146,2,0.45,33,31,6,26,22,5
18,169,86,332,7,0.64,30,28,4,20,16,6
34,103,80,238,5,0.56,,,,44,38,6
53,222,95,436,9,1.1,58,57,3,47,45,6
41,55,66,150,2,0.54,30,23,6,26,20,5
37,94,78,222,4,0.53,32,32,5,20,18,4
42,174,81,340,6,0.71,44,33,10,31,26,8
59,14,56,76,2,0.21,31,31,5,18,16,4
44,294,102,553,13,1.2,65,63,5,45,41,5
33,371,109,677,15,1.4,76,70,6,51,45,7
22,71,59,167,3,0.6,52,42,10,38,30,9
33,68,55,160,5,0.53,45,35,11,38,27,11
51,71,81,181,4,0.39,26,22,9,19,14,7
36,45,67,136,5,0.31,23,19,7,19,12,8
50,13,56,73,3,0.23,22,21,4,13,11,4
52,22,66,99,3,0.29,21,20,4,15,12,5
39,28,54,96,3,0.26,24,17,7,17,14,5
48,8,45,54,3,0.23,21,19,6,18,11,7
42,34,64,110,4,0.28,30,27,4,14,11,5
29,145,82,304,7,0.61,45,39,8,31,27,7
10,256,97,489,12,1.3,66,57,10,47,38,8
7,74,64,177,5,0.5,49,37,12,30,22,10
46,59,58,145,4,0.41,41,30,11,30,20,11
50,78,67,187,5,0.57,52,45,5,41,36,4
27,72,73,169,4,0.53,40,34,7,31,27,5
31,47,79,144,3,0.39,38,33,8,21,17,7
57,34,70,110,3,0.29,40,36,7,25,20,5
28,117,92,270,6,0.78,43,38,10,31,26,8
57,70,74,180,5,0.54,34,28,8,28,20,8
58,49,84,154,4,0.5,31,27,5,21,19,4
34,16,72,96,3,0.37,28,22,8,20,17,7
49,9,51,55,2,0.3,21,18,6,17,14,6
36,101,83,233,5,0.61,36,30,9,26,22,7
18,200,86,391,10,0.98,70,57,13,62,49,13
4,569,165,1028,25,2.1,110,97,17,85,73,15
7,278,107,533,14,1.2,74,59,16,58,46,12
34,42,71,127,4,0.5,48,36,13,41,30,12
65,36,71,127,3,0.33,31,27,7,15,11,7
66,6,45,52,3,0.32,21,15,7,12,8,6
65,35,80,132,2,0.44,20,17,6,16,11,5
73,86,99,231,4,0.58,34,26,9,25,19,8
66,40,68,125,4,0.43,36,27,11,28,21,9
67,25,80,116,4,0.33,23,21,4,12,11,4
67,37,79,136,2,0.56,27,22,5,12,12,4
69,2,25,28,2,0.28,23,22,8,14,12,4
70,3,51,55,2,0.25,23,21,6,9,9,4
73,2,28,30,5,0.3,20,16,10,9,6,6
81,3,40,44,3,0.33,23,20,9,12,10,6
65,17,75,100,3,0.64,25,24,5,,,
72,42,77,142,3,0.67,30,22,11,,,
78,3,38,42,3,0.39,40,32,8,16,16,7
57,79,95,203,4,0.7,38,35,4,28,25,5
53,68,77,181,3,0.66,35,32,7,25,24,6
70,4,55,62,2,0.36,33,28,6,13,12,6
63,2,56,60,3,0.41,28,24,8,12,10,7
78,1,20,20,2,0.27,26,19,8,10,6,5
78,10,50,62,2,0.35,23,21,4,10,7,4
83,3,33,38,2,0.23,37,32,8,17,13,8
74,6,73,82,2,0.34,26,23,8,11,10,5
64,12,68,86,2,0.36,18,14,6,12,10,5
74,4,30,35,2,0.24,36,30,9,15,14,5
74,6,33,41,2,0.27,30,27,6,13,12,3
61,16,66,85,2,0.36,34,26,8,16,12,7
75,11,70,86,3,0.37,21,17,11,13,11,6
54,122,90,276,5,0.81,28,26,7,15,14,3
59,323,174,669,9,1.5,77,68,8,58,50,7
49,294,113,560,11,1.7,74,63,9,59,51,8
66,29,78,108,2,0.44,24,17,10,10,6,6
54,66,76,174,3,0.52,25,22,8,17,11,6
67,12,64,82,3,0.45,,,,12,8,4
70,19,61,90,2,0.39,25,21,4,11,8,4
76,7,65,74,2,0.47,22,19,4,15,12,3
45,16,58,82,3,0.38,27,21,6,17,14,4
52,31,86,134,2,0.63,32,29,4,26,21,4
7,468,136,851,17,1.6,75,66,11,60,49,8
45,329,110,610,12,1.6,70,60,12,57,46,10
50,79,89,210,4,0.74,40,35,6,24,22,6
61,56,67,147,2,0.45,27,21,6,16,11,6
38,92,81,221,4,0.54,36,30,6,18,14,4
71,18,50,78,3,0.34,30,20,11,20,12,8
71,2,46,48,3,0.27,30,22,9,12,8,9
69,13,64,77,4,0.35,20,18,5,10,9,4
65,11,62,75,4,0.34,26,20,6,12,8,4
57,52,72,152,4,0.43,29,23,8,23,20,6
16,129,81,274,6,0.86,,,,39,34,7
,,,,,,,,,,,
78,5,34,38,4,0.28,,,,,,
67,4,60,66,2,0.35,,,,,,
52,22,61,94,3,0.36,,,,,,
69,10,56,66,2,0.3,,,,,,
73,3,29,33,3,0.25,,,,13,13,6
76,30,73,119,3,0.39,33,26,11,17,16,7
72,9,54,64,3,0.36,20,15,9,13,10,5
75,6,20,29,3,0.22,36,36,8,14,11,6
76,2,39,41,3,0.26,32,30,5,13,11,5
55,53,85,163,3,0.51,,,,15,11,6
65,26,67,101,3,0.29,,,,15,13,6
70,6,46,54,2,0.3,28,27,8,13,11,8
74,15,66,84,3,0.48,25,23,3,9,9,4
77,13,62,75,4,0.31,33,28,8,17,11,12
79,3,34,36,4,0.26,25,25,2,13,11,7
60,17,75,90,2,0.48,44,38,6,21,17,4
54,13,62,82,1,0.34,32,25,6,16,12,4
59,18,75,99,2,0.49,33,28,6,20,15,6
52,43,66,129,2,0.49,27,21,7,20,15,6
67,6,70,75,3,0.38,25,21,8,14,11,8
71,14,53,72,2,0.26,22,19,6,18,10,8
72,11,43,57,2,0.3,25,23,6,15,12,5
77,1,23,24,2,0.29,24,20,5,19,11,7
68,15,55,75,3,0.46,31,26,7,22,16,7
,,,,,,,,,,,
,,,,,,,,,,,
74,6,57,62,2,0.38,,,,,,
45,27,72,103,3,0.31,23,20,9,17,12,7
59,60,91,169,5,0.66,52,46,12,42,35,12
71,10,64,79,4,0.39,33,29,8,27,20,7
65,49,93,161,6,0.52,23,20,6,17,16,5
39,219,105,441,9,1.2,60,56,8,44,38,7
54,206,97,410,7,1.3,62,56,8,45,39,8
75,21,59,88,3,0.39,38,32,8,22,17,6
54,53,90,172,3,0.52,34,28,8,24,19,7
88,8,67,70,3,0.43,70,56,18,61,46,15
97,16,98,122,5,0.5,69,52,20,60,42,19
68,178,102,368,8,0.77,63,57,13,45,38,12
76,11,48,58,2,0.33,52,43,13,35,24,11
35,64,114,186,5,0.6,96,73,27,81,57,25
56,227,98,427,8,1,120,93,29,103,76,26
58,295,99,539,10,0.95,115,84,33,96,66,28
84,8,46,51,2,0.37,61,41,20,41,25,15
84,12,63,64,2,0.38,32,25,9,23,18,8
50,59,55,144,3,0.47,41,32,10,28,22,9
67,8,44,54,2,0.28,31,24,10,24,16,9
63,20,57,88,2,0.35,37,32,9,22,17,6
84,4,29,33,3,0.29,47,38,11,28,20,8
78,23,56,89,4,0.3,25,20,7,12,8,6
85,5,53,56,4,0.31,20,15,8,11,8,6
82,5,37,39,3,0.31,17,16,6,10,8,3
78,116,78,256,5,0.58,33,28,9,24,20,8
79,16,82,101,3,0.4,45,35,11,32,24,9
62,55,90,174,4,0.58,44,33,13,32,22,11
60,42,83,130,4,0.42,57,45,19,47,34,17
57,61,92,150,4,0.51,81,60,23,72,49,21
99,57,104,148,8,0.57,86,62,27,71,48,24
91,82,95,208,8,0.65,75,58,22,66,48,17
71,51,87,165,4,0.52,46,38,9,29,24,8
65,190,96,381,8,0.87,64,53,15,47,39,13
47,73,99,187,8,0.49,118,90,28,85,59,23
63,70,82,166,6,0.52,116,86,34,84,56,30
71,15,53,66,3,0.37,92,72,28,72,52,22
83,11,48,61,2,0.3,28,20,12,18,13,7
56,3,21,23,2,0.28,16,9,10,12,5,8
66,6,30,38,3,0.31,17,10,10,12,8,8
85,99,81,233,5,0.27,29,27,7,17,15,8
70,40,71,121,2,0.42,37,33,16,26,21,8
76,41,63,124,3,0.39,34,28,9,19,16,8
80,32,92,141,7,0.47,40,37,9,26,22,7
76,44,83,145,5,0.55,46,35,12,33,25,9
88,9,39,52,2,0.3,29,26,13,18,14,6
78,15,57,79,2,0.29,26,28,9,16,14,6
72,15,57,68,3,0.29,30,32,10,16,13,7
100,12,74,75,7,0.45,44,34,14,24,20,7
86,68,79,184,7,0.45,55,49,16,34,27,11
89,6,47,50,3,0.29,27,22,10,14,10,7
86,4,33,35,3,0.3,31,22,12,21,14,8
80,27,76,117,3,0.63,93,81,18,80,64,14
95,80,63,172,3,0.58,62,54,22,52,38,15
85,8,55,68,2,0.41,46,36,13,32,24,13
79,20,71,100,2,0.54,32,28,13,26,16,14
76,9,76,88,3,0.34,31,20,12,20,15,9
72,23,57,87,4,0.48,43,30,14,35,19,15
88,3,36,38,2,0.27,39,26,14,27,17,13
75,5,36,40,2,0.29,44,32,12,31,21,9
72,18,76,104,2,0.41,55,38,18,43,28,16
67,18,91,114,2,0.41,62,43,22,55,34,20
98,104,81,222,5,0.59,61,47,19,53,40,17
70,17,73,96,2,0.43,56,42,15,45,31,13
80,8,43,50,2,0.38,51,33,18,43,28,14
89,5,54,58,1,0.28,27,23,7,18,15,7
110,3,33,33,3,0.29,30,24,10,20,13,8
122,5,35,41,3,0.36,34,25,14,26,17,12
86,5,37,41,2,0.31,35,29,13,23,18,7
73,4,26,33,2,0.28,24,17,7,14,9,6
73,9,42,56,2,0.32,22,20,4,13,8,6
78,4,32,33,2,0.19,26,21,5,16,12,6
74,5,20,28,3,0.23,27,25,5,16,12,6
75,2,34,35,4,0.17,18,17,3,12,8,6
75,10,56,58,3,0.24,19,17,4,14,10,4
65,22,80,94,2,0.36,22,20,4,15,11,5
74,55,89,136,6,0.32,29,29,4,23,20,6
83,30,63,104,4,0.36,30,28,5,30,23,7
89,44,79,143,4,0.42,38,34,10,32,25,7
100,44,91,131,4,0.62,44,39,8,37,30,9
129,8,66,77,2,0.44,52,49,10,46,40,9
107,42,76,141,5,0.41,68,57,19,66,46,20
101,4,57,58,4,0.33,49,43,10,44,35,12
85,20,63,94,2,0.29,26,21,8,20,16,8
82,6,49,51,3,0.26,17,12,7,14,8,8
83,8,60,64,3,0.29,23,18,5,13,12,4
90,5,46,49,3,0.27,18,16,4,16,12,5
87,2,53,55,1,0.28,19,17,6,12,9,5
51,20,77,103,1,0.4,22,20,5,16,14,5
68,5,37,44,2,0.27,24,18,7,19,13,6
66,57,60,148,4,0.56,23,20,6,20,14,6
50,50,73,133,4,0.48,31,23,9,25,19,6
65,24,76,107,2,0.43,28,26,6,22,18,6
92,19,72,98,2,0.41,30,26,6,25,20,5
108,3,64,68,5,0.36,29,28,8,27,23,7
77,16,42,67,3,0.28,21,16,8,17,12,6
55,13,35,52,3,0.28,17,13,7,14,10,6
78,7,44,46,5,0.28,15,12,6,12,7,6
80,9,39,53,4,0.22,18,15,7,11,10,5
91,36,66,118,,0.35,31,29,5,22,18,5
97,33,67,117,,0.52,44,42,7,30,29,7
92,6,53,57,,0.34,24,21,6,24,20,5
100,44,86,151,,0.47,40,34,9,30,22,7
78,11,41,53,,0.31,20,19,7,14,12,4
73,30,79,124,2,0.4,24,22,7,19,15,5
106,125,90,266,6,0.56,37,36,4,27,25,5
93,25,86,116,2,0.44,30,27,8,22,19,6
78,4,42,43,2,0.28,28,24,9,22,17,6
72,2,16,18,2,0.2,14,10,6,10,6,4
63,8,23,33,3,0.21,16,14,7,12,8,5
76,8,18,29,3,0.2,26,23,8,13,10,4
45,14,38,42,3,0.25,18,15,8,16,11,5
38,44,49,112,4,0.35,36,35,8,30,26,6
82,18,51,66,5,0.28,20,18,6,13,10,5
87,6,46,49,4,0.28,26,25,6,22,20,7
76,7,57,64,3,0.27,28,22,6,22,16,6
91,20,87,117,7,0.44,30,28,4,28,22,5
86,20,60,75,4,0.36,31,24,8,27,19,8
76,9,51,55,3,0.22,16,14,7,,,
77,21,58,90,4,0.28,22,20,6,,,
67,6,27,35,2,0.29,29,24,7,,,
46,13,38,58,3,0.38,20,15,8,,,
78,4,57,63,4,0.31,17,14,7,,,
77,25,64,96,5,0.35,20,18,6,,,
79,26,57,97,6,0.29,18,17,8,16,11,6
86,50,66,142,5,0.38,23,21,8,20,16,8
102,7,33,43,9,0.24,24,18,11,17,13,8
101,7,29,36,5,0.27,22,18,6,22,17,8
53,4,32,34,4,0.42,16,15,7,16,12,7
68,4,47,49,3,0.32,20,20,8,18,14,10
52,9,51,56,2,0.33,20,18,8,18,14,7
51,84,53,179,5,0.47,26,22,8,21,17,6
76,8,29,40,6,0.31,30,23,9,26,17,9
58,15,48,71,6,0.31,25,22,6,23,18,6
54,22,68,101,6,0.49,33,31,6,30,24,7
116,6,51,54,4,0.37,26,22,6,25,18,7
64,4,25,27,3,0.31,17,13,8,15,9,6
78,6,27,32,2,0.25,20,17,7,16,11,5
75,6,44,44,3,0.33,18,18,8,18,14,4
93,47,52,125,5,0.41,29,27,7,25,20,5
76,25,44,78,3,0.32,24,19,7,20,12,7
125,15,56,79,2,0.46,40,36,11,37,28,11
117,11,69,84,2,0.41,30,29,7,25,20,7
101,5,63,67,2,0.41,30,28,7,27,20,6
76,10,45,50,4,0.32,27,25,7,24,19,6
91,8,26,39,4,0.28,,,,,,
117,5,32,35,3,0.3,,,,,,
103,7,33,36,2,0.29,,,,,,
81,10,75,91,5,0.46,,,,,,
118,6,92,100,4,0.49,,,,,,
80,3,69,73,2,0.35,,,,,,
77,9,31,45,2,0.26,,,,,,
99,9,34,45,4,0.25,,,,,,
94,7,82,92,2,0.38,,,,,,
85,12,40,55,4,0.33,,,,,,
89,7,31,42,3,0.36,,,,,,
75,8,36,45,3,0.33,,,,,,
82,2,25,26,2,0.23,,,,,,
78,22,44,78,3,0.33,,,,,,
80,6,36,46,4,0.34,,,,,,
81,5,52,54,4,0.35,,,,,,
83,21,48,73,2,0.4,,,,,,
72,56,71,157,4,0.51,,,,,,
69,6,30,36,2,0.32,,,,,,
78,4,22,25,,0.35,,,,,,
61,11,54,71,,0.38,,,,,,
74,5,50,52,,0.32,,,,,,
52,9,39,44,,0.29,,,,,,
59,47,85,147,,0.53,,,,,,
55,14,50,58,,0.35,,,,,,
77,18,54,82,,0.35,,,,,,
73,3,37,39,,0.29,,,,,,
58,6,52,58,,0.31,,,,,,
66,12,62,81,,0.29,,,,,,
65,36,65,107,4,0.33,,,,,,
65,56,55,138,5,0.37,,,,,,
71,7,43,47,4,0.34,,,,,,
77,16,62,72,2,0.31,,,,,,
77,23,59,78,3,0.38,,,,,,
53,29,56,100,5,0.95,,,,,,
75,45,50,116,4,0.45,,,,,,
58,40,65,127,3,0.54,,,,,,
73,7,30,39,3,0.4,,,,,,
63,5,29,36,3,0.37,,,,,,
63,3,32,33,3,0.36,,,,,,
68,63,75,170,4,1,,,,,,
17,24,50,82,3,0.55,,,,,,
60,15,61,70,2,0.48,,,,,,
70,28,50,93,3,0.49,,,,,,
56,26,76,84,4,0.54,,,,,,
80,15,87,110,4,0.62,,,,,,
77,26,80,110,5,0.69,,,,,,
83,14,63,85,30,0.61,,,,,,
70,69,99,166,7,0.72,,,,,,
60,75,78,184,5,0.54,,,,,,
51,64,66,164,9,0.5,,,,,,
45,32,49,98,4,0.35,,,,,,
66,22,65,81,2,0.35,,,,,,
76,7,42,45,2,0.3,,,,,,
77,3,37,41,2,0.33,,,,,,
62,15,89,106,3,0.44,,,,,,
73,64,69,152,5,0.5,,,,,,
81,11,61,65,3,0.5,,,,,,
94,25,77,84,5,0.54,,,,,,
47,46,78,140,3,0.57,,,,,,
58,10,45,60,2,0.45,,,,,,
72,3,34,37,15,0.31,,,,,,
66,139,93,306,78,0.88,,,,,,
70,165,89,323,65,0.79,74,69,8,,,
56,26,59,95,16,0.46,49,46,6,,,
49,60,60,142,4,0.45,24,24,3,,,
63,242,104,475,9,1.2,54,52,4,,,
46,124,73,260,5,0.74,45,43,4,,,
81,50,88,162,5,0.73,55,44,14,,,
45,187,84,360,8,1,64,57,9,,,
75,11,49,63,2,0.43,36,32,10,,,
57,22,51,78,2,0.43,22,18,6,18,13,5
37,85,59,176,5,0.44,38,34,6,26,20,7
69,46,43,114,3,0.38,32,25,9,26,18,9
57,65,51,151,4,0.43,36,26,10,33,21,11
59,46,68,103,4,0.4,27,22,7,25,18,8
55,20,54,80,4,0.41,22,20,6,16,11,6
64,17,51,69,5,0.33,19,15,6,18,12,7
70,63,59,156,5,0.45,23,21,4,18,13,6
69,7,33,44,6,0.26,30,29,4,20,16,5
53,95,72,217,5,0.54,30,29,4,20,15,6
68,56,60,134,3,0.37,25,21,5,20,16,6
66,80,55,175,3,0.52,24,24,6,21,18,7
,,,,,,,,,13,8,6
,,,,,,,,,24,19,6
31,55,69,152,3,0.4,41,36,7,26,18,10
52,55,59,142,3,0.43,36,36,3,19,15,7
55,21,59,91,1,0.41,29,27,5,17,13,6
56,3,28,31,2,0.24,23,20,5,16,11,6
64,2,26,27,2,0.19,23,21,3,15,12,6
52,11,48,64,2,0.26,17,15,5,12,9,5
67,5,28,32,5,0.2,23,21,6,13,12,7
49,22,69,84,2,0.55,46,44,6,35,30,5
56,8,56,69,2,0.25,20,18,6,15,11,4
45,19,52,80,3,0.42,23,20,4,18,14,6
,19,54,79,2,0.29,21,20,4,19,17,5
66,2,33,34,2,0.19,15,13,4,12,10,4
61,10,53,68,2,0.34,28,23,6,24,16,7
51,22,50,81,3,0.34,35,32,6,24,21,7
41,26,75,112,3,0.39,33,29,8,27,20,10
36,56,78,134,4,0.44,58,51,11,44,34,12
49,43,65,118,4,0.32,47,40,8,34,26,8
70,7,38,49,2,0.25,,,,23,19,6
69,2,34,35,3,0.26,,,,16,13,6
63,24,74,111,4,0.39,,,,17,13,5
32,106,81,231,8,0.51,,,,25,19,6
44,87,72,199,5,0.8,,,,68,63,7
,295,89,542,11,1.3,,,,59,52,9
,7,65,76,3,0.52,,,,22,20,7
,5,57,61,2,0.53,,,,27,22,6
,34,82,115,3,0.48,,,,36,32,7
,26,71,111,7,0.39,,,,20,16,6
,16,51,69,3,0.28,,,,17,13,5
,26,72,112,3,0.39,,,,18,14,5
,35,65,119,2,0.29,,,,16,11,6
,167,100,356,7,0.98,,,,32,25,9
,144,84,293,7,0.65,,,,33,28,10
,60,64,156,4,0.44,,,,35,28,12
,35,76,126,3,0.3,,,,22,19,13
,96,71,218,4,0.38,,,,34,27,9
,142,63,280,6,0.57,,,,51,39,13
,172,66,329,6,0.53,,,,58,44,14
5,71,53,159,4,0.36,56,45,13,47,34,15
9,66,53,151,4,0.39,40,32,12,34,26,12
50,28,69,111,2,0.35,34,27,8,30,21,9
3,374,114,688,14,1.1,67,60,9,50,44,11
10,133,81,276,5,0.66,39,31,8,31,22,9
2,152,63,296,5,0.59,42,35,9,37,29,10
7,159,76,320,7,0.49,42,37,8,29,22,8
9,75,54,169,4,0.4,45,38,8,35,27,9
4,191,64,356,7,1.2,86,76,10,70,57,14
33,243,63,429,9,1.4,86,76,11,66,57,12
35,19,36,64,2,0.22,42,38,8,31,25,8
54,64,46,143,3,0.37,42,36,7,34,30,7
53,23,53,89,2,0.29,31,26,5,19,15,6
52,86,49,179,5,0.55,33,27,8,26,20,8
8,98,78,200,5,0.51,44,35,9,34,27,8
25,104,89,224,4,0.63,43,38,11,33,28,12
60,14,68,84,3,0.39,30,24,6,26,22,6
52,24,67,102,3,0.28,20,18,7,12,10,7
61,108,74,239,4,0.5,31,27,9,19,15,8
86,18,67,93,3,0.3,27,26,8,15,11,6
69,8,58,69,3,0.25,22,18,7,15,9,8
80,35,82,135,4,0.44,24,24,6,18,13,7
33,222,110,447,9,1.1,69,63,6,53,50,8
60,61,64,158,4,0.65,46,40,7,32,27,10
60,140,91,295,6,0.75,40,34,6,29,25,8
35,152,84,313,7,0.72,38,32,8,28,26,10
64,28,74,116,4,0.41,20,16,7,16,10,8
62,5,44,51,3,0.27,12,7,7,14,7,7
66,8,72,85,2,0.35,26,23,5,19,17,7
64,24,71,107,1,0.42,26,23,4,21,16,8
66,9,59,73,2,0.41,25,24,5,15,16,6
65,2,29,33,2,0.23,20,16,7,19,14,9
74,4,28,32,3,0.23,16,12,5,11,8,7
74,7,69,80,2,0.31,20,18,5,14,12,4
59,18,65,94,4,0.43,29,24,5,21,18,6
52,27,60,97,4,0.45,23,18,11,19,14,10
62,10,51,66,7,0.34,19,16,6,16,14,6
51,91,82,211,3,0.69,44,41,8,38,31,7
32,176,91,361,7,1,55,47,8,44,38,10
9,165,91,327,7,1,64,53,12,54,47,14
49,239,88,454,9,1.2,59,51,11,56,43,13
65,1,24,25,2,0.3,49,42,10,42,33,11
66,41,79,142,3,0.51,35,35,8,22,19,7
58,40,78,139,3,0.52,27,24,8,27,26,8
21,60,65,143,2,0.52,39,30,12,34,24,13
53,82,68,195,4,0.57,31,21,10,29,18,13
60,60,79,170,2,0.6,27,24,7,21,18,8
67,53,72,153,2,0.49,24,20,7,17,16,9
67,24,81,117,2,0.41,26,20,7,16,10,6
78,7,41,49,2,0.31,26,24,9,16,10,8
70,3,38,40,2,0.26,22,19,8,12,12,7
70,4,33,35,2,0.29,26,25,6,14,13,5
83,4,44,50,2,0.35,17,12,7,11,7,6
72,23,75,109,2,0.41,20,15,7,12,10,9
72,8,49,59,2,0.32,24,19,5,12,9,6
86,9,57,70,2,0.33,30,29,3,16,14,6
70,60,79,170,2,0.59,27,26,2,24,20,4
50,32,81,120,3,0.53,29,26,5,27,21,6
44,83,79,207,4,0.67,38,32,8,35,27,8
35,154,99,335,7,1.2,80,74,8,67,60,10
57,380,124,706,15,1.3,73,63,11,53,42,14
56,77,70,183,4,0.61,42,35,8,41,31,10
21,155,76,313,6,0.77,61,50,15,50,37,14
39,290,101,540,12,1.2,75,63,15,65,49,17
64,76,88,205,3,0.74,44,40,10,31,27,8
42,51,70,144,2,0.56,35,31,6,23,17,8
57,13,65,82,2,0.36,24,22,5,14,12,6
,,,,,0.61,,,,,,
67,4,49,53,3,0.35,,,,,,
59,17,68,91,3,0.42,,,,,,
51,60,88,179,4,0.56,,,,,,
53,24,59,95,2,0.51,21,20,4,17,12,5
63,4,47,52,2,0.28,20,19,2,17,14,3
41,111,90,261,5,0.61,32,30,6,26,19,7
46,30,73,119,4,0.44,28,23,6,26,18,9
42,17,61,80,4,0.36,26,20,6,,,
43,30,58,104,4,0.42,21,17,6,,,
46,16,42,64,3,0.37,21,20,4,16,14,4
43,12,52,68,2,0.44,34,27,8,25,22,7
57,91,97,237,5,0.79,46,41,10,,,
37,130,97,296,6,0.66,48,42,8,,,
45,133,92,296,6,0.74,43,36,8,,,
,33,76,127,5,,46,36,11,37,26,13
14,40,69,121,4,0.39,56,42,13,44,35,15
62,19,62,90,2,0.36,64,49,16,56,41,17
68,58,92,181,3,0.42,31,24,7,26,20,8
38,266,127,535,12,1.4,72,63,13,57,50,15
37,146,93,318,8,1,52,44,13,45,33,14
59,125,106,294,5,1,49,46,4,28,25,7
60,66,81,182,3,0.5,36,32,6,23,23,7
64,7,53,58,2,0.25,28,24,6,16,13,7
54,58,85,174,4,0.51,38,35,7,25,22,6
63,19,79,103,3,0.39,25,22,5,20,15,8
70,19,77,106,3,0.38,22,18,6,17,18,6
,,,,,,21,17,4,12,10,5
,,,,,0.28,24,22,4,12,12,5
52,29,89,132,2,0.5,28,26,4,16,18,5
58,13,61,71,2,0.32,20,18,7,13,9,6
58,77,87,199,4,0.48,30,27,6,14,14,5
73,3,27,31,3,0.27,26,20,6,8,5,5
76,3,28,29,3,0.24,26,22,5,11,9,4
69,6,47,54,2,0.24,15,16,3,7,8,2
72,12,59,77,2,0.3,17,16,3,8,9,4
64,60,90,180,3,0.49,33,32,2,19,18,2
71,86,83,212,5,0.5,38,35,7,18,16,5
72,16,70,95,3,0.32,32,28,6,19,16,4
77,5,49,51,2,0.36,38,32,7,22,18,5
67,4,64,68,1,0.36,28,23,9,18,14,6
54,27,67,107,3,0.38,30,26,7,17,13,6
64,74,90,182,3,0.45,44,42,6,22,22,5
59,29,62,99,5,0.41,67,52,15,70,63,14
61,36,78,114,4,0.41,64,49,17,51,36,15
55,55,72,155,5,0.39,52,42,12,39,30,12
65,8,30,39,1,0.28,43,36,10,26,22,9
53,6,34,41,2,0.34,44,36,10,29,23,8
27,63,59,139,4,0.52,60,50,14,54,44,14
27,68,64,165,4,0.61,90,67,23,81,60,22
63,18,51,64,2,0.43,66,51,22,61,46,19
76,7,39,49,2,0.35,57,41,16,42,31,14
81,65,115,212,5,0.77,65,53,13,52,40,12
66,6,47,56,4,0.33,24,19,10,16,10,8
68,6,52,60,3,0.36,24,19,9,17,11,6
68,19,61,89,2,0.36,32,25,10,20,16,9
57,21,86,117,3,0.54,29,22,12,19,12,8
46,53,103,184,4,0.61,47,39,12,31,25,14
67,13,51,68,3,0.34,31,21,9,20,12,8
70,38,66,124,2,0.38,26,22,6,11,11,4
68,5,33,36,3,0.33,25,20,11,12,8,6
78,2,22,23,2,0.33,25,22,8,8,9,5
69,6,46,52,3,0.33,23,19,9,9,9,6
77,3,21,23,3,0.28,19,16,6,6,6,4
75,6,42,50,1,0.4,33,32,6,15,13,4
71,14,60,75,3,0.23,21,21,6,12,11,4
55,25,63,98,3,0.38,30,22,10,23,17,8
59,6,67,75,3,0.32,33,22,11,25,17,8
75,17,84,103,2,0.39,30,23,10,20,18,6
70,52,78,139,4,0.42,38,33,10,29,24,8
74,40,101,155,4,0.43,46,38,11,34,27,7
53,153,101,332,7,0.56,86,68,20,69,50,20
70,112,85,253,6,0.41,78,59,23,61,42,19
98,105,106,265,8,0.51,94,70,28,74,51,25
89,3,52,54,3,0.22,34,24,12,23,17,9
92,2,40,41,2,0.22,22,19,8,10,9,6
76,38,65,124,2,0.28,25,20,9,15,13,4
96,25,51,87,3,0.3,32,26,8,16,14,6
99,50,92,168,5,0.41,43,37,10,28,22,7
64,39,60,120,4,0.28,36,28,11,20,12,8
77,13,41,57,2,0.24,24,21,9,10,10,4
89,6,31,34,2,0.23,26,22,10,12,10,9
86,3,62,67,2,0.27,30,26,7,15,14,5
98,25,56,92,4,0.31,36,29,14,25,16,9
97,29,65,94,2,0.29,38,32,9,18,14,8
80,22,58,80,2,0.28,30,24,8,16,13,4
82,18,97,116,4,0.35,38,30,7,27,20,7
91,27,77,115,7,0.37,66,48,18,53,36,17
83,5,29,35,3,0.29,17,15,5,12,9,3
69,7,63,73,3,0.39,20,18,5,14,14,3
57,17,29,53,4,0.25,21,19,6,15,14,4
68,13,35,53,2,0.21,18,17,4,7,6,3
74,8,52,54,3,0.27,19,13,6,7,6,2
75,13,47,61,3,0.27,18,16,4,10,9,4
70,12,39,53,3,0.24,24,23,5,10,10,3
61,12,54,64,5,0.35,34,27,9,22,16,8
88,3,56,60,3,0.33,32,24,9,20,13,7
89,4,55,61,4,0.35,18,14,7,11,6,6
87,3,36,37,4,0.32,25,23,9,14,9,10
85,5,27,33,3,0.26,17,17,4,7,7,2
83,9,44,58,3,0.26,18,16,5,8,7,2
76,72,83,194,4,0.47,33,30,4,13,12,3
101,3,69,72,2,0.43,20,19,3,9,10,2
91,2,61,64,2,0.32,26,23,5,12,11,4
77,13,55,71,2,0.31,26,21,6,13,12,4
90,5,43,47,2,0.25,20,18,4,9,9,3
82,33,59,109,3,0.36,28,27,7,12,13,4
64,17,60,87,3,0.33,22,18,6,10,8,4
78,11,32,48,2,0.27,22,20,6,14,11,4
100,2,46,47,2,0.29,25,24,7,12,11,5
88,3,47,48,2,0.27,24,19,6,10,10,3
82,5,34,38,3,0.27,19,14,8,7,5,6
71,5,23,30,3,0.23,13,12,5,5,5,4
75,37,80,136,2,0.41,19,18,3,12,12,1
96,34,73,108,3,0.34,25,23,6,17,14,4
55,21,49,79,3,0.36,28,24,5,12,13,2
65,12,37,54,2,0.33,26,22,7,18,17,5
73,3,26,29,2,0.3,22,20,6,11,9,3
85,2,24,25,1,0.27,22,20,5,11,11,3
84,6,36,38,1,0.27,19,15,5,12,9,4
95,7,41,45,3,0.27,24,19,6,12,10,4
88,2,37,38,3,0.24,16,13,5,7,7,4
74,5,44,46,3,0.28,21,15,6,8,6,4
78,5,52,56,3,0.28,20,16,4,7,6,3
75,6,38,38,4,0.34,16,16,5,8,7,3
87,9,30,42,3,0.25,20,17,5,7,6,4
88,4,26,31,4,0.31,24,24,4,10,11,4
71,8,80,92,3,0.42,24,21,4,12,11,2
88,66,90,179,4,0.44,41,37,7,23,22,5
66,26,77,116,4,0.52,40,32,9,28,18,10
83,3,24,24,2,0.24,17,13,6,6,6,3
93,7,42,46,1,0.31,23,24,7,12,12,4
73,14,40,62,4,0.28,26,20,7,10,10,4
78,7,22,32,3,0.22,17,16,6,8,5,3
90,7,27,38,2,0.24,25,20,5,13,10,5
112,16,40,64,5,0.32,30,26,7,19,14,4
111,16,107,116,6,0.69,90,78,20,79,58,22
78,3,58,61,4,0.55,64,45,20,51,33,18
73,4,25,27,3,0.34,30,24,8,21,17,5
75,13,42,51,2,0.28,22,19,4,10,8,2
102,10,44,59,3,0.35,22,22,6,13,12,4
52,8,28,41,3,0.33,18,15,7,12,10,4
86,6,25,30,2,0.31,23,20,7,13,11,3
82,8,54,65,3,0.3,24,22,5,12,12,2
54,12,39,54,3,0.47,24,19,7,15,14,4
72,2,15,15,3,0.29,28,24,7,11,9,4
56,11,36,47,4,0.34,14,11,7,7,6,4
81,7,48,53,3,0.35,19,17,4,10,10,3
93,17,41,67,5,0.64,22,18,5,10,9,5
98,24,42,74,6,0.37,23,21,7,15,15,3
113,12,57,75,8,0.36,32,29,8,12,12,3
84,4,33,34,6,0.36,23,21,5,13,11,3
66,3,34,34,6,0.35,22,19,8,11,10,3
93,17,30,54,3,0.33,25,23,6,16,15,4
102,20,71,75,4,0.46,46,38,10,24,22,9
162,39,113,173,7,0.56,40,37,9,21,21,4
113,11,36,52,2,0.38,38,29,8,26,21,5
83,15,44,56,3,0.39,32,30,9,14,10,5
89,7,53,64,2,0.52,52,40,12,40,30,11
83,5,33,38,3,0.4,27,26,10,19,18,5
72,6,21,30,2,0.29,19,14,6,9,6,4
74,6,38,45,3,0.33,23,16,8,10,8,4
85,5,29,31,2,0.33,18,16,6,10,8,2
95,6,38,40,2,0.31,21,18,6,12,10,3
110,10,68,70,3,0.4,27,24,8,15,12,4
82,10,98,111,3,0.52,33,30,7,21,20,5
59,3,24,29,2,0.39,18,14,6,8,6,3
44,9,36,49,2,0.43,20,15,6,12,9,4
41,13,41,55,2,0.51,17,16,6,12,10,3
53,21,45,64,2,0.44,,,,,,
86,16,53,77,4,0.43,,,,,,
81,7,51,52,3,0.42,,,,,,
93,4,26,27,2,0.32,20,19,6,9,8,3
90,10,81,96,2,0.42,17,15,3,10,10,4
59,16,57,69,2,0.46,16,14,5,11,11,2
,7,23,34,3,0.37,29,28,3,10,9,2
,7,35,43,2,0.43,17,16,4,8,8,2
78,10,64,66,3,0.39,,,,,,
64,43,72,133,4,0.48,25,23,6,11,11,5
72,5,43,43,3,0.37,20,18,4,10,11,3
68,3,48,50,4,0.4,19,16,6,9,8,5
61,4,24,28,4,0.38,15,13,3,9,7,3
73,3,28,29,3,0.33,13,12,3,8,7,3
70,10,29,38,3,0.33,16,16,4,8,6,4
,,,,,,28,22,11,11,13,3
,,,,,,26,24,7,23,21,5
78,16,51,71,3,0.33,22,20,4,17,13,7
120,3,60,62,3,0.37,26,23,6,13,12,7
79,4,46,47,4,0.38,27,24,5,14,13,3
75,4,24,31,2,0.25,28,24,5,15,12,4
76,31,81,128,5,0.52,26,23,8,18,15,5
70,18,69,96,3,0.42,19,19,4,12,11,4
64,53,67,143,4,0.37,27,24,5,16,12,4
114,10,45,51,2,0.33,27,24,5,15,12,4
98,5,36,40,3,0.33,23,18,4,18,14,4
45,6,34,35,3,0.33,13,11,5,11,9,3
39,33,70,96,4,0.44,24,22,4,13,12,5
63,11,47,65,2,0.3,23,21,6,9,7,4
53,15,45,63,3,0.43,35,29,12,19,15,6
78,12,37,53,3,0.43,62,49,15,45,35,12
68,65,62,162,4,0.59,52,50,7,23,20,5
65,54,73,143,3,0.61,27,24,6,20,18,4
71,29,75,114,3,0.56,30,26,4,22,19,5
57,10,54,69,4,0.36,27,25,4,16,15,3
66,8,33,42,3,0.5,21,17,8,14,11,4
48,13,27,46,1,0.34,18,15,4,9,8,4
62,11,33,36,2,0.35,18,14,6,9,7,8
101,30,81,86,3,0.49,27,23,6,16,14,4
90,4,54,55,4,0.47,32,27,6,23,19,5
42,29,58,103,3,0.42,20,15,6,12,8,6
50,11,34,48,2,0.37,24,19,5,9,7,6
52,6,29,39,2,0.35,19,16,7,8,7,3
56,11,51,59,3,0.38,19,18,4,11,10,4
64,25,38,76,2,0.34,22,16,7,11,8,3
71,28,85,128,2,0.65,30,23,8,23,22,5
57,8,65,71,3,0.57,50,42,9,43,35,9
49,15,44,67,2,0.41,21,19,7,18,17,7
55,77,82,196,4,0.67,27,22,6,19,15,5
57,62,73,150,3,0.49,22,19,8,17,13,4
60,16,54,69,2,0.32,14,10,5,9,7,4
51,51,63,140,3,0.44,21,18,4,12,10,5
47,52,60,138,3,0.49,20,18,5,14,11,4
73,103,68,207,4,0.68,28,24,6,20,17,5
52,30,61,96,3,0.42,20,16,6,15,11,5
51,9,44,53,2,0.32,15,12,4,10,7,4
56,26,57,97,4,0.39,24,21,7,15,14,4
65,55,59,137,5,0.48,36,32,7,23,16,7
86,85,76,196,6,0.56,44,36,9,31,24,9
75,2,61,64,3,0.39,30,21,8,22,15,7
58,52,57,135,3,0.52,25,20,7,15,14,4
65,56,53,140,4,0.6,18,14,6,9,8,5
63,15,69,92,3,0.74,17,14,6,8,8,5
61,28,69,101,4,0.43,22,18,6,10,6,5
73,26,44,83,4,0.39,25,21,8,16,13,5
48,32,69,119,2,0.54,24,22,5,19,17,3
71,143,89,308,6,0.9,40,37,6,32,28,4
81,85,67,198,3,0.77,37,32,10,29,25,9
57,20,67,98,3,0.48,27,19,9,18,12,8
45,64,64,161,6,0.51,17,15,6,14,12,5
40,35,57,99,3,0.38,,,,8,8,3
51,15,52,71,3,0.29,,,,8,7,4
58,167,92,349,7,0.7,,,,22,20,4
64,127,67,256,7,0.86,30,28,7,22,19,4
67,8,46,51,2,0.3,16,13,7,9,7,4
55,69,59,164,3,0.42,28,24,7,14,12,4
51,48,49,123,3,0.39,30,25,10,16,13,5
63,36,53,104,3,0.38,28,24,10,15,12,5
68,25,48,80,2,0.36,26,22,8,16,12,7
50,55,87,142,5,0.46,40,31,11,30,24,10
43,77,104,222,7,0.86,72,60,17,60,48,17
91,36,64,111,4,0.46,42,33,13,36,26,11
53,15,50,67,4,0.43,36,26,11,32,21,11
59,35,61,114,4,0.53,21,16,8,10,8,6
29,17,48,71,3,0.4,21,17,5,13,10,4
52,116,85,263,4,0.86,33,29,5,21,20,4
34,360,122,660,12,1.3,59,54,10,40,42,9
41,15,48,63,2,0.4,28,21,8,19,13,6
57,7,54,59,3,0.4,46,36,10,36,28,10
51,48,84,144,4,0.49,37,33,7,26,23,6
60,16,50,74,2,0.36,25,21,7,16,16,6
56,31,62,107,2,0.38,18,15,6,10,8,4
44,15,54,77,2,0.47,22,18,5,14,12,4
54,9,45,59,2,0.41,43,39,7,28,25,5
56,7,37,45,2,0.36,31,24,8,17,14,5
50,8,46,56,2,0.52,19,16,6,15,10,7
50,17,72,96,1,0.5,23,21,5,13,11,4
44,161,100,344,6,1,44,38,10,31,27,6
,40,63,118,3,0.61,26,21,9,20,15,7
64,44,84,150,3,0.55,27,23,9,14,12,4
42,61,69,155,3,0.54,31,25,8,16,14,7
69,18,58,81,2,0.47,22,18,6,15,12,6
47,39,73,110,2,0.5,25,21,8,16,14,5
38,31,57,101,3,0.5,32,26,8,24,20,7
31,69,72,150,4,0.63,38,30,11,33,24,9
40,25,68,97,2,0.55,26,22,11,19,16,6
48,11,52,69,2,0.44,21,18,7,11,8,4
42,48,74,147,2,0.62,26,23,7,16,16,5
18,164,67,312,6,1.1,80,70,11,71,62,9
3,300,92,525,10,1.5,89,78,15,83,69,14
14,145,84,306,6,0.96,66,54,15,56,42,15
27,95,70,211,4,0.81,48,37,14,35,25,13
43,126,68,248,5,0.8,33,25,10,27,20,9
43,8,44,57,2,0.46,22,20,5,13,12,4
55,6,37,45,2,0.42,18,17,4,13,12,2
56,2,47,51,1,0.48,32,33,4,24,25,4
48,5,55,63,1,0.53,35,33,6,30,26,4
65,8,49,61,1,0.38,24,22,3,10,8,3
60,5,38,46,1,0.42,26,23,4,11,9,3
65,5,43,49,1,0.41,23,19,4,9,8,4
58,40,65,125,1,0.52,23,19,4,16,14,4
71,10,49,65,1,0.37,27,26,4,8,8,2
57,11,52,70,1,0.43,15,13,7,7,5,4
68,2,18,20,2,0.36,21,19,4,9,7,2
70,5,47,51,2,0.4,18,16,5,10,6,4
70,5,44,52,3,0.42,31,27,6,15,11,6
69,8,41,54,2,0.4,31,27,6,15,12,4
65,16,72,97,2,0.48,26,24,4,12,10,4
47,20,62,86,2,0.43,18,14,6,9,8,5
62,5,51,60,2,0.37,16,16,4,10,9,2
43,66,72,161,3,0.57,26,23,7,19,17,5
41,193,84,379,7,0.88,46,35,11,34,27,9
54,28,66,109,3,0.51,22,18,6,11,10,5
45,70,73,181,4,0.72,30,26,5,17,14,3
32,107,75,238,4,0.74,35,31,6,20,18,5
59,11,54,71,3,0.68,23,17,8,20,16,6
67,13,54,73,2,0.4,17,16,5,7,6,5
69,2,19,19,3,0.27,28,24,4,12,11,2
63,3,43,48,2,0.3,16,12,4,6,5,2
71,6,46,56,1,0.34,21,18,6,10,8,5
77,6,45,49,2,0.33,26,24,4,12,12,3
59,5,44,51,3,0.34,30,24,8,17,13,4
64,19,62,92,2,0.34,22,19,7,8,9,3
79,1,17,19,3,0.26,30,22,7,8,6,4
78,1,34,36,3,0.37,22,20,5,8,8,2
57,19,57,86,2,0.45,33,27,6,24,21,4
59,10,50,66,2,0.37,25,21,6,13,11,4
60,62,75,169,2,0.57,28,27,5,12,10,4
70,5,59,65,2,0.38,23,22,8,9,6,4
49,24,75,112,2,0.44,21,18,4,10,9,5
67,26,68,108,2,0.44,22,19,6,10,9,3
62,121,78,263,6,0.83,38,32,7,25,22,6
47,20,58,89,3,0.46,32,25,8,25,20,5
36,75,52,167,4,0.6,43,34,11,29,24,8
65,4,48,52,1,0.38,40,35,7,16,13,4
39,14,47,67,2,0.41,49,45,8,24,21,4
51,8,54,65,1,0.36,28,24,7,11,9,4
51,3,24,28,3,0.35,31,26,8,18,15,5
72,2,39,41,3,0.36,32,28,8,16,14,4
66,7,58,69,2,0.37,25,21,7,10,9,2
66,2,23,23,2,0.36,20,14,7,6,5,4
69,5,45,48,1,0.34,29,24,4,9,10,4
68,2,37,39,2,0.34,79,79,7,10,10,5
65,1,30,31,2,0.36,23,20,7,9,9,2
67,1,15,16,2,0.31,26,24,7,14,14,3
70,3,35,37,2,0.4,106,99,8,40,38,4
44,12,38,55,2,0.41,91,84,9,33,29,5
66,5,43,51,1,0.57,26,23,6,12,14,3
66,2,29,31,3,0.35,22,16,10,9,7,4
77,3,37,38,3,0.34,21,20,10,11,10,3
47,88,76,212,4,0.44,51,47,7,41,41,5
50,9,47,61,2,0.28,18,13,7,8,6,4
68,16,76,96,4,0.42,29,23,8,16,13,5
57,10,65,77,3,0.29,26,22,6,9,7,3
60,80,76,199,5,0.62,27,23,6,18,16,3
4,200,79,386,8,0.89,37,28,12,29,22,10
74,37,70,127,4,0.38,19,16,10,18,8,10
43,48,80,153,2,0.38,25,20,5,12,10,4
72,4,33,40,3,0.21,16,12,7,9,5,4
73,4,52,55,4,0.29,20,18,6,10,10,3
68,20,72,99,4,0.34,21,17,8,16,13,5
53,9,47,60,3,0.26,21,16,5,13,11,2
52,28,65,108,3,0.24,28,23,6,11,9,4
57,7,59,68,3,0.19,18,14,7,6,6,2
52,23,73,105,2,0.27,19,17,4,14,13,2
30,81,78,203,4,0.69,44,38,6,32,29,5
41,15,65,80,3,0.23,23,18,6,14,10,6
42,56,81,167,5,0.34,30,25,7,22,18,5
4,466,148,854,17,1.5,86,77,16,67,60,11
5,451,151,842,18,1.7,92,81,17,72,61,16
42,230,103,455,8,0.92,70,56,14,60,46,13
42,38,63,116,3,0.36,36,32,8,21,16,6
47,53,69,150,2,0.32,34,30,8,18,14,5
42,5,35,40,2,0.21,21,13,10,14,10,6
63,12,43,60,2,0.23,30,23,10,17,15,6
65,4,39,43,3,0.17,,,,,,
,,,,,,,,,,,
,,,,,,,,,,,
74,3,29,33,2,0.2,,,,,,
83,4,42,44,2,0.21,,,,,,
63,4,36,40,3,0.24,,,,,,
80,2,28,31,2,0.18,,,,,,
74,5,47,53,2,0.21,26,23,5,,,
54,15,66,87,2,0.55,49,52,3,31,35,2
61,38,78,137,2,0.38,22,22,6,14,12,6
69,19,72,102,2,0.28,19,12,7,10,6,5
79,2,17,19,4,0.17,25,18,7,13,10,5
83,2,21,21,2,0.15,18,16,8,6,6,6
84,3,27,30,3,0.15,33,32,5,10,12,5
73,27,78,119,3,0.32,24,21,7,10,8,5
60,115,98,275,4,0.65,34,31,4,23,21,2
42,278,102,521,10,1.1,52,45,8,34,30,6
46,99,84,237,6,0.41,33,26,7,26,19,7
40,41,75,137,4,0.42,36,27,10,28,19,9
67,5,31,35,3,0.23,30,24,8,21,15,6
60,15,71,94,2,0.35,23,19,5,12,12,2
60,228,94,444,9,0.73,51,42,12,26,22,7
61,14,68,90,4,0.26,30,25,7,16,12,5
52,143,110,328,6,0.77,45,43,8,28,28,5
68,67,79,181,3,0.41,32,26,6,20,18,5
70,4,36,42,2,0.17,18,14,7,8,7,4
74,1,18,20,2,0.16,22,17,6,10,9,3
68,12,74,92,2,0.26,19,18,5,10,9,3
53,75,91,205,5,0.52,26,23,5,18,16,3
30,369,141,706,14,1.2,66,60,12,44,38,11
48,249,126,507,11,1.1,57,50,12,35,31,8
50,145,94,316,6,0.71,40,33,10,32,26,9
59,12,65,80,4,0.29,41,32,12,34,25,12
76,4,35,39,2,0.17,21,16,7,14,9,6
68,21,70,102,2,0.32,27,23,7,16,14,5
72,6,46,54,4,0.22,18,14,7,7,5,4
75,10,55,67,2,0.22,17,15,7,7,6,4
73,9,60,73,2,0.28,19,14,9,10,7,5
72,30,86,132,3,0.48,24,21,7,14,13,5
70,13,69,85,3,0.42,29,23,9,25,18,7
61,12,64,75,3,0.33,22,17,8,16,13,7
65,29,79,124,3,0.38,25,22,7,19,14,5
57,86,89,221,6,0.37,34,29,7,18,16,5
61,26,72,111,4,0.34,30,24,11,19,16,7
36,49,106,167,3,0.72,63,50,17,53,40,16
40,98,90,228,4,0.85,79,62,20,70,55,19
54,60,101,168,5,0.56,94,68,26,84,62,25
69,46,79,149,5,0.51,91,66,26,81,59,25
68,11,53,61,3,0.19,45,32,16,37,24,14
60,15,53,76,2,0.24,37,27,13,28,19,10
66,11,38,47,2,0.17,34,24,11,21,16,8
75,25,79,95,3,0.28,44,33,14,37,27,13
65,48,82,155,4,0.4,48,37,14,39,30,12
81,6,29,35,2,0.14,17,13,6,7,5,3
84,7,41,45,2,0.21,20,17,6,11,10,4
73,63,102,199,4,0.42,37,31,11,24,18,9
61,154,88,324,6,0.53,51,43,13,36,30,11
51,37,75,124,2,0.31,48,36,13,40,30,12
61,18,62,87,2,0.25,50,37,14,41,31,12
83,5,38,40,2,0.18,21,19,8,12,12,6
89,2,26,27,4,0.15,25,18,9,15,12,6
85,2,24,25,3,0.17,19,14,9,8,5,6
82,3,31,35,5,0.19,18,12,12,6,7,6
78,7,41,45,2,0.19,18,15,7,9,6,6
69,23,84,113,2,0.36,23,19,7,14,14,3
71,44,88,156,2,0.37,28,21,8,18,15,5
76,90,85,219,4,0.56,34,28,10,25,21,8
93,8,63,74,2,0.31,48,34,14,41,29,13
73,16,77,99,3,0.42,43,31,13,34,26,12
76,7,49,59,4,0.22,25,18,11,18,14,7
82,15,56,79,2,0.24,26,20,7,15,11,5
79,7,38,43,,0.18,18,15,9,10,7,6
57,22,75,101,,0.29,15,14,5,10,7,3
68,81,75,200,,0.37,25,22,7,14,13,5
79,6,63,64,,0.23,16,12,6,10,8,3
86,7,62,64,,0.2,31,26,7,17,15,3
52,33,78,130,,0.47,49,38,13,34,25,11
84,21,53,81,,0.23,21,16,8,12,8,6
71,161,89,335,,0.55,36,32,8,24,22,5
86,36,77,131,,0.32,37,29,10,25,19,7
70,14,65,77,,0.3,19,14,8,16,10,6
80,6,68,77,,0.33,17,12,9,12,10,6
79,44,93,160,,0.42,24,22,6,16,15,3
72,47,76,147,,0.34,26,26,5,19,16,4
84,12,48,65,,0.23,26,26,6,11,12,3
70,30,56,103,,0.22,39,31,8,14,13,4
79,22,56,88,,0.23,45,39,10,25,18,8
77,16,67,89,,0.24,,,,21,15,5
75,15,82,105,,0.35,21,19,6,14,12,4
85,5,66,70,,0.31,20,16,9,14,11,4
71,14,56,75,,0.26,21,13,8,16,10,6
74,8,51,59,,0.18,16,12,7,9,7,5
82,14,56,69,,0.25,24,19,9,14,10,8
77,37,57,113,,0.3,25,17,11,16,11,6
75,6,49,53,,0.18,18,14,7,8,7,4
82,24,72,102,,0.37,24,22,6,10,10,4
91,40,76,132,,0.35,21,18,9,14,13,5
72,3,31,32,,0.35,21,19,10,11,10,5
85,24,90,103,,0.29,25,23,7,14,12,4
97,43,76,134,,0.43,,,,22,18,4
111,56,86,170,,0.34,,,,21,20,7
95,72,98,197,,0.48,,,,55,40,15
112,58,82,158,,0.47,77,54,26,65,44,23
134,14,84,92,9,0.3,34,26,11,20,16,5
108,40,85,146,8,0.39,44,37,14,33,23,10
63,29,65,101,5,0.37,53,38,17,45,31,14
50,40,60,111,6,0.44,52,38,20,44,27,17
128,10,41,48,9,0.34,56,37,20,45,28,17
93,5,24,31,4,0.2,32,28,9,21,16,5
91,3,40,42,4,0.18,23,21,7,12,13,4
104,9,56,59,4,0.23,28,27,6,18,18,5
93,12,72,80,2,0.23,36,31,9,18,14,5
96,40,59,120,4,0.23,32,26,13,21,18,5
91,5,47,54,3,0.21,18,13,8,10,9,5
75,7,35,46,4,0.21,27,21,8,14,12,5
73,4,26,30,2,0.17,24,20,8,12,8,6
72,2,28,29,2,0.35,21,15,7,13,10,5
80,4,27,29,3,0.22,17,13,8,9,8,5
70,9,39,40,3,0.19,17,16,7,11,7,4
70,10,25,40,2,0.13,17,13,8,8,5,6
79,7,38,42,3,0.25,24,20,8,13,11,3
86,39,65,109,3,0.24,30,25,11,18,14,7
91,11,57,60,2,0.26,45,35,11,32,24,10
107,8,60,63,2,0.28,,,,30,21,11
94,2,18,18,2,0.16,,,,20,13,8
81,2,17,20,3,0.18,,,,18,14,5
70,5,26,33,3,0.19,,,,10,8,4
76,5,24,30,2,0.18,,,,8,5,4
80,3,17,22,1,0.18,,,,8,6,4
77,7,33,40,2,0.23,,,,16,12,4
71,5,48,49,2,0.3,,,,25,21,7
92,4,59,63,1,0.29,,,,24,18,7
64,29,58,93,2,0.18,,,,,,
56,70,123,201,4,0.48,47,39,14,30,26,11
104,26,93,112,3,0.55,34,27,11,27,22,7
49,21,82,99,3,0.24,33,26,11,18,15,7
107,53,68,148,3,0.26,30,25,10,17,14,8
102,7,53,54,2,0.26,38,31,8,27,24,6
76,5,48,53,2,0.25,,,,20,15,8
44,15,64,86,2,0.33,,,,11,8,5
49,9,28,39,2,0.19,,,,9,6,6
62,8,21,32,4,0.29,,,,,,
78,16,73,98,3,0.37,,,,,,
76,6,66,71,2,0.29,17,12,8,,,
56,7,56,65,1,0.28,18,13,7,,,
78,6,43,46,1,0.22,20,16,8,,,
53,15,35,46,3,0.2,,,,,,
54,9,35,38,3,0.2,,,,,,
45,17,44,69,2,0.32,,,,,,
,,,,,,,,,16,15,8
66,16,34,52,5,,,,,10,8,6
63,5,23,25,2,,15,13,4,8,9,4
62,2,36,39,2,,12,10,4,11,8,4
66,9,28,33,2,,16,13,7,12,11,4
74,29,44,89,4,0.3,20,18,7,14,10,6
48,10,23,38,2,0.27,19,18,5,12,7,6
63,8,31,42,2,0.24,13,11,4,8,7,4
60,9,32,44,7,0.23,14,12,4,9,6,3
55,3,29,30,5,0.16,16,14,4,7,6,2
70,5,26,27,3,0.16,17,15,4,9,8,3
59,21,29,62,2,0.21,16,15,5,8,9,3
73,7,31,32,2,0.17,15,13,4,10,8,3
81,12,39,52,3,0.28,19,16,6,10,10,5
75,6,36,45,12,0.19,17,15,6,12,10,4
56,6,35,36,2,0.19,21,19,5,13,10,4
42,5,26,27,2,0.18,19,17,5,11,10,6
65,4,14,17,3,0.18,20,16,5,10,8,4
51,5,29,32,3,0.22,17,16,5,8,6,3
46,11,33,51,3,0.25,30,29,5,25,22,3
48,11,36,41,2,0.15,24,21,5,11,9,3
63,26,73,113,1,0.24,14,12,4,14,12,4
46,31,49,87,3,0.22,,,,12,10,5
42,6,20,23,2,0.2,14,12,5,6,5,3
50,5,25,28,2,0.22,13,10,5,8,7,4
117,28,43,68,2,0.27,24,21,6,12,13,5
99,47,78,142,5,0.38,41,34,9,29,25,5
123,3,57,58,3,0.39,41,38,10,27,27,8
72,12,26,44,2,0.22,20,18,5,20,20,4
54,66,84,181,3,0.49,33,28,7,21,18,5
106,52,74,154,3,0.48,31,29,6,22,19,4
72,10,29,42,3,0.25,19,14,9,11,8,3
62,6,24,29,2,0.17,18,16,6,8,6,4
55,17,31,55,2,0.18,,,,,,
50,9,35,39,2,0.24,,,,,,
62,11,34,50,3,0.21,23,22,6,10,8,3
45,8,32,40,3,0.22,15,14,5,9,7,2
67,5,58,65,2,0.24,27,25,4,13,11,3
66,2,27,28,2,0.15,16,15,4,10,9,3
43,22,42,76,3,0.16,20,18,5,12,11,4
50,79,38,159,6,0.27,22,21,5,18,16,5
58,23,30,66,4,0.18,21,19,6,,,
60,4,23,24,3,0.18,21,19,4,,,
79,16,35,54,2,0.18,20,19,4,11,10,2
75,12,32,47,1,0.18,18,15,5,10,8,3
71,3,16,16,2,0.19,21,16,6,10,8,3
58,3,24,25,2,0.14,19,18,6,10,8,3
61,6,27,30,2,0.15,27,24,6,12,11,4
63,5,60,66,2,0.25,21,20,5,13,11,4
47,6,25,33,2,0.16,20,20,5,11,9,4
77,14,32,51,3,0.19,23,21,5,13,13,4
64,4,32,35,2,0.35,19,18,6,8,7,3
70,4,42,45,4,0.19,18,17,5,11,9,3
63,35,52,106,3,0.2,17,16,6,15,12,4
79,28,41,84,2,0.2,27,22,8,14,13,4
95,29,54,88,4,0.27,36,32,8,22,19,6
96,13,54,58,4,0.23,36,30,9,19,15,6
80,4,50,55,3,0.27,45,34,15,37,26,11
69,3,15,17,3,0.14,26,23,8,9,7,5
71,2,20,21,3,0.17,14,13,5,7,6,3
68,9,30,38,2,0.17,21,18,7,11,8,4
100,26,85,90,2,0.36,26,23,8,15,13,5
142,56,83,161,4,0.42,33,32,10,20,18,6
102,34,96,148,3,0.54,46,42,11,34,32,8
71,9,53,55,3,0.35,43,37,17,40,28,13
88,16,73,75,8,0.4,51,42,14,38,28,9
79,11,49,66,5,0.3,51,39,15,38,28,11
81,237,129,492,9,0.83,58,55,8,44,41,4
105,257,114,508,10,0.8,41,37,8,24,21,4
57,13,45,62,3,0.22,25,21,7,19,14,6
72,39,43,103,4,0.21,25,24,7,12,11,3
39,6,35,39,3,0.18,22,19,7,12,8,5
56,9,29,40,4,0.18,25,22,6,13,12,5
57,2,28,29,4,0.17,17,15,8,8,7,3
34,18,45,72,3,0.32,17,14,6,11,9,2
29,18,37,51,2,0.41,17,15,8,9,8,4
103,50,58,123,4,0.33,29,24,12,19,15,6
68,12,70,88,3,0.28,32,26,9,24,18,7
57,4,28,34,2,0.18,21,20,6,8,6,3
47,9,43,56,2,0.24,19,16,6,7,7,2
77,16,44,48,2,0.2,20,18,8,9,9,3
60,16,63,73,2,0.25,20,20,6,13,11,3
134,85,117,205,4,0.52,41,39,8,29,26,5
104,56,89,175,4,0.42,49,45,10,35,28,8
131,28,83,126,3,0.33,47,41,10,31,26,6
72,32,64,112,4,0.22,21,16,9,16,11,6
43,6,28,36,2,0.16,23,21,6,13,11,4
80,5,54,55,3,0.23,23,20,8,17,15,4
50,72,53,163,5,0.33,37,35,9,25,22,6
44,16,64,86,3,0.26,24,21,10,18,13,7
92,66,66,168,4,0.33,36,29,11,30,22,9
54,13,51,70,,0.19,,,,32,22,10
76,58,59,147,,0.29,,,,13,11,3
96,6,51,54,5,0.26,,,,14,12,4
77,3,34,36,4,0.17,,,,12,11,3
52,37,66,122,3,0.3,26,23,7,12,9,4
53,8,55,67,3,0.25,18,19,7,10,9,3
49,18,43,71,4,0.23,32,29,7,16,12,4
59,5,34,38,3,0.2,20,20,8,8,8,4
,,,,,,18,19,7,,7,
57,17,52,74,4,0.25,18,15,7,8,7,5
60,106,72,230,4,0.8,28,28,5,21,20,3
55,399,97,709,14,1,49,50,9,30,31,4
43,84,66,194,3,0.41,32,30,9,21,15,6
53,15,57,80,3,0.24,24,21,8,12,8,5
54,12,47,66,3,0.18,16,16,7,11,7,4
41,25,68,106,4,0.35,25,21,6,13,11,3
60,6,43,49,3,0.24,17,16,7,9,8,4
57,7,55,65,2,0.31,13,12,6,8,7,2
53,51,58,137,4,0.33,16,16,6,11,9,4
41,99,71,217,6,0.47,24,23,6,18,14,5
34,22,55,76,3,0.31,22,18,8,17,11,6
25,34,48,91,5,0.33,27,23,8,17,14,6
19,90,48,185,6,0.5,30,26,10,24,20,7
65,50,68,119,5,0.46,35,30,10,28,22,7
65,7,56,66,3,0.35,22,22,8,12,10,4
62,20,64,95,2,0.33,19,20,6,10,8,4
58,11,50,67,2,0.26,15,13,7,7,5,4
44,10,55,66,2,0.34,18,18,5,9,7,3
47,20,58,79,2,0.4,18,17,7,12,10,3
40,20,53,83,2,0.36,20,17,7,12,9,4
44,20,51,74,3,0.32,22,21,8,13,11,4
45,21,40,70,4,0.3,25,21,11,24,17,8
25,39,74,125,6,0.39,37,32,10,26,20,8
20,180,89,365,8,1,58,52,14,45,39,12
54,41,75,116,3,0.51,43,35,15,37,28,11
55,23,54,83,1,0.36,24,22,10,23,20,7
61,53,68,147,3,0.47,37,32,8,27,24,4
20,263,83,481,11,1.5,83,76,12,70,65,7
7,236,89,451,9,1.5,89,82,15,79,73,12
4,344,116,641,13,1.5,77,67,21,60,50,16
41,406,88,706,17,1.7,84,74,14,73,62,11
41,246,108,485,10,0.92,45,44,9,36,32,8
26,182,91,358,7,0.68,47,43,12,32,27,7
25,83,83,189,6,0.59,41,37,9,32,28,6
56,74,63,176,6,0.47,57,56,8,53,52,6
45,8,43,55,2,0.28,45,43,8,43,38,5
50,38,71,129,3,0.36,21,19,6,16,13,4
26,117,82,243,4,0.41,32,27,12,28,22,7
32,47,70,134,5,0.45,16,14,8,10,8,5
36,82,74,191,5,0.44,21,21,6,14,12,4
33,154,89,326,6,0.9,43,41,10,33,26,8
36,96,83,225,6,0.82,31,28,10,25,21,6
46,190,85,376,7,0.84,43,43,7,34,30,5
27,162,80,329,6,0.84,44,41,9,37,32,5
35,17,54,78,3,0.31,,,,14,9,5
51,6,63,69,4,0.3,,,,9,4,6
56,7,51,62,5,0.2,22,22,10,11,8,6
70,12,72,88,5,0.28,17,18,7,16,12,4
40,33,68,113,4,0.3,15,16,9,12,10,5
56,23,62,98,8,0.36,22,19,11,22,16,8
66,93,69,211,8,0.45,,,,20,19,6
64,39,75,134,4,0.45,22,24,5,14,13,3
38,63,67,158,4,0.57,30,30,7,17,14,6
59,6,35,43,2,0.22,22,21,9,9,5,4
60,11,48,56,2,0.23,21,18,7,9,7,4
40,51,60,139,4,0.42,36,30,10,25,20,6
61,6,43,49,2,0.23,,,,17,14,5
62,53,74,152,3,0.31,,,,15,13,5
17,315,124,608,13,1.3,,,,43,40,8
3,389,151,744,16,1.7,,,15,97,86,13
4,287,126,555,13,1.1,82,72,14,64,55,10
10,307,106,577,13,1.1,62,54,12,45,38,10
48,37,83,140,4,0.43,32,30,8,19,16,6
32,73,78,191,5,0.67,38,35,8,32,26,6
3,220,94,430,10,1,69,58,15,61,49,12
11,308,106,578,12,1.3,72,61,17,62,50,14
23,29,63,94,3,0.32,42,34,14,34,25,10
40,16,57,81,2,0.29,31,28,9,23,18,8
29,17,63,89,2,0.27,33,27,12,26,19,9
66,9,46,59,3,0.22,36,31,11,26,19,8
37,57,68,151,3,1.1,36,34,8,30,24,7
43,135,81,285,6,0.5,29,25,10,19,16,6
47,72,67,177,4,0.41,34,30,10,23,18,6
26,142,93,305,7,0.65,34,31,10,,,
15,84,69,190,5,0.42,46,43,11,,,
6,92,73,206,4,0.64,57,50,11,,,
3,177,76,340,7,0.92,55,49,12,49,43,10
5,85,71,201,3,0.46,39,32,12,33,26,10
9,113,63,237,7,0.5,55,46,16,48,36,15
22,41,60,114,5,0.41,47,36,16,45,32,15
63,7,66,77,4,0.27,43,42,10,23,19,8
39,77,84,191,4,0.42,32,31,7,21,17,5
64,14,63,84,4,0.39,24,23,10,14,11,7
68,11,37,50,3,0.33,30,29,6,16,12,6
70,5,13,18,3,0.17,25,24,6,9,8,3
68,45,79,144,3,0.51,29,30,6,22,20,5
6,588,173,1075,22,3.3,131,124,12,105,92,13
3,571,155,1030,21,2.8,116,108,14,122,111,13
7,245,100,466,10,1.4,77,71,12,70,60,10
5,243,97,469,9,1.2,67,63,14,66,58,10
32,37,59,104,3,0.49,36,31,12,36,26,10
69,6,36,46,4,0.22,37,29,12,32,23,9
59,96,71,217,5,0.51,31,30,8,25,22,5
41,120,75,259,5,0.43,30,28,8,25,20,5
46,35,78,131,4,0.27,24,25,8,13,12,5
15,408,146,756,17,1.5,82,76,11,72,64,10
39,381,138,721,15,2.1,87,79,13,76,66,11
42,64,60,156,5,0.61,32,27,13,27,20,8
32,78,71,169,3,0.45,30,25,14,25,19,8
47,11,67,83,4,0.16,21,16,14,18,10,9
32,33,69,116,4,0.29,28,28,6,25,17,8
74,20,61,92,3,0.22,24,25,12,12,10,4
62,13,59,79,5,0.25,23,22,11,12,10,9
58,6,44,50,3,0.19,17,18,6,9,8,2
48,108,75,238,4,0.59,38,38,7,31,29,4
35,62,66,160,3,0.4,35,24,16,21,18,5
30,39,79,138,4,0.23,30,24,13,18,15,8
35,72,85,188,5,0.46,46,39,14,41,31,11
8,507,157,935,19,1.5,61,56,16,52,44,12
12,211,95,418,8,0.55,50,42,18,45,31,14
22,215,102,432,8,0.61,40,34,15,33,25,10
25,88,85,215,9,0.45,63,61,12,60,52,11
11,581,189,1080,22,3.1,,,,131,112,21
3,611,209,1146,22,2.5,,,,143,120,23
12,369,168,725,13,1.7,,,,94,76,20
13,453,150,845,19,1.8,,,,,,
34,79,75,197,6,0.57,,,,,,
23,182,100,379,9,0.64,60,52,14,,,
63,10,73,88,4,0.26,27,25,10,,,
63,14,73,95,3,0.32,15,13,9,,,
44,34,79,131,4,0.26,,,,,,
28,67,63,166,4,0.45,,,,,,
51,25,50,84,3,0.31,,,,,,
67,7,40,49,4,0.16,,,,,,
76,8,50,61,4,0.14,,,,,,
59,98,99,249,7,0.49,23,24,10,17,16,4
49,15,71,85,4,0.23,27,23,9,20,16,5
55,193,86,377,8,0.83,48,42,16,41,31,11
64,136,113,323,6,0.8,36,39,8,24,22,5
25,31,66,114,2,0.27,41,38,11,36,30,6
47,16,54,79,3,0.19,61,54,13,53,41,14
43,22,63,85,4,0.32,65,56,15,55,44,12
44,18,43,66,3,0.41,61,54,13,58,48,10
34,20,51,72,4,0.35,68,56,17,58,48,12
31,28,65,105,5,0.36,68,61,17,58,47,14
24,74,72,182,7,0.34,47,44,13,37,31,10
48,58,63,150,4,0.28,37,31,13,27,18,10
58,11,76,84,2,0.2,22,21,9,11,8,5
58,48,91,165,4,0.38,34,32,11,23,20,8
67,7,72,82,3,0.26,36,29,13,32,24,10
61,8,52,57,2,0.23,38,31,14,30,21,10
48,18,50,78,3,0.17,15,14,10,12,7,6
67,8,52,65,2,0.16,12,10,9,8,4,5
76,4,31,38,3,0.13,9,10,7,6,2,4
75,3,21,23,5,0.12,13,17,9,,,
77,44,108,174,3,0.43,29,30,5,,,
80,3,37,38,2,0.15,17,18,8,,,
83,2,27,29,4,0.12,11,14,7,,,
87,6,46,49,6,0.18,13,12,9,,,
69,14,66,82,5,0.2,17,19,6,,,
73,12,58,69,4,0.23,23,23,7,,,
87,4,63,69,2,0.2,24,29,7,,,
53,17,68,95,6,0.27,30,27,8,,,
82,6,65,74,6,0.23,19,20,10,,,
80,3,38,39,6,0.14,14,16,8,,,
67,54,71,151,5,0.37,18,23,5,,,
64,23,68,96,3,0.23,20,22,9,,,
68,16,83,108,4,0.34,26,26,10,,,
77,27,97,139,3,0.28,22,26,8,,,
52,10,54,62,3,0.19,26,26,12,,,
54,8,53,56,5,0.2,35,32,16,,,
49,45,74,142,7,0.36,40,38,12,,,
73,22,90,117,3,0.31,25,25,9,,,
61,7,67,77,3,0.23,22,22,10,,,
57,42,81,144,4,0.41,33,32,12,26,20,6
57,21,63,95,2,0.32,44,34,15,34,25,10
72,14,52,65,3,0.12,18,17,9,15,11,6
71,5,28,34,3,0.18,25,22,8,16,15,4
73,2,16,18,3,0.1,13,13,8,7,6,3
71,4,49,50,4,0.18,15,16,9,9,7,5
77,9,39,54,3,0.15,18,18,9,10,8,2
78,15,69,90,3,0.24,20,20,7,15,12,3
67,20,49,79,4,0.21,35,32,12,25,21,8
69,14,42,59,3,0.17,49,39,15,37,27,10
90,8,31,43,3,0.18,24,22,11,17,12,7
77,6,44,47,2,0.16,23,22,10,18,12,7
56,30,81,115,4,0.35,70,53,22,59,40,20
87,109,72,238,6,0.38,69,49,26,63,40,24
86,3,36,39,2,0.17,21,19,9,13,10,4
102,17,68,95,4,0.22,26,26,9,15,12,4
92,7,62,70,4,0.22,24,24,8,16,14,6
92,6,76,85,3,0.3,23,25,8,16,16,3
85,55,84,168,3,0.38,24,24,10,17,16,6
90,134,84,290,11,0.52,53,47,16,43,33,11
67,14,57,79,3,0.19,30,28,11,19,14,7
78,20,56,87,2,0.17,24,24,11,18,12,7
78,32,60,109,3,0.21,33,28,13,24,19,8
82,100,89,229,4,0.32,43,41,12,31,25,9
103,98,86,221,5,0.44,62,58,17,47,38,13
106,46,78,149,4,0.43,61,49,23,53,36,18
87,3,41,43,2,0.13,28,21,12,20,16,5
82,6,42,45,2,0.15,22,20,9,14,10,4
86,13,59,78,2,0.17,20,19,10,13,10,6
81,23,66,102,2,0.16,19,20,10,9,6,4
70,4,37,39,3,0.15,19,19,8,10,8,4
94,2,32,33,2,0.13,14,14,12,9,7,4
82,3,38,39,2,0.15,17,19,11,12,10,4
76,3,61,63,2,0.19,17,18,10,9,8,3
87,7,69,79,2,0.26,20,20,8,11,11,6
81,39,65,125,3,0.19,31,30,8,12,11,6
82,6,62,66,3,0.26,30,27,11,24,18,7
61,56,73,158,2,,37,29,13,29,21,8
81,5,47,51,4,,26,25,11,13,11,4
89,3,28,29,2,0.21,31,33,10,24,17,9
77,35,56,110,4,0.29,33,27,14,23,15,9
74,8,54,63,3,0.17,19,21,8,9,7,4
66,8,45,49,2,0.22,13,17,8,11,8,4
74,56,62,148,3,0.26,23,24,11,20,16,6
62,12,78,91,2,0.23,22,24,9,18,16,6
91,11,64,66,3,0.2,27,24,10,23,16,7
92,8,42,50,6,0.16,29,27,11,21,15,8
75,4,42,44,4,0.13,17,18,8,10,7,4
79,34,47,99,3,0.22,39,34,12,28,23,6
86,7,46,56,2,0.17,32,29,10,23,17,7
78,11,45,61,2,0.19,44,39,13,27,19,9
85,9,34,48,2,0.13,28,29,10,15,11,5
77,6,26,32,4,0.14,39,32,13,33,22,10
92,4,24,28,3,0.15,41,31,16,38,26,14
84,5,31,36,1,0.14,28,28,8,14,12,4
81,5,47,50,3,0.15,26,24,10,14,11,6
74,16,59,73,3,0.19,31,28,10,20,14,7
70,42,96,137,7,0.35,64,53,20,53,36,18
86,18,87,114,4,0.34,66,49,23,52,33,19
93,2,29,29,3,0.21,31,28,10,18,15,4
84,2,52,55,2,0.27,19,22,8,9,8,3
64,6,38,47,2,0.17,17,19,9,9,7,3
63,10,28,43,3,0.15,15,14,8,8,6,4
41,47,75,147,3,0.61,20,18,9,18,11,7
63,13,67,74,2,0.23,15,16,8,11,9,7
72,11,56,61,2,0.18,15,15,7,11,9,5
77,5,69,73,2,0.24,35,37,6,9,8,3
92,3,58,60,3,0.24,31,32,6,18,15,4
99,35,78,132,3,0.29,28,22,12,22,15,8
56,11,51,55,3,0.18,18,17,7,10,10,3
92,36,86,110,3,0.33,,,,17,15,5
86,31,86,130,3,0.29,,,,24,20,6
98,37,73,123,5,0.24,,,,20,15,6
97,8,75,88,3,0.25,28,28,8,20,15,6
85,4,57,63,2,0.26,16,18,8,13,10,5
89,5,33,38,3,0.18,18,18,8,15,12,7
69,7,28,34,2,0.17,16,17,7,10,8,5
54,20,58,68,2,0.25,20,20,10,16,12,4
89,7,43,43,3,0.18,15,14,7,12,10,4
96,30,83,115,3,0.32,31,30,9,26,19,8
85,11,56,73,3,0.25,17,14,8,15,9,6
75,3,25,27,2,0.11,13,16,6,10,7,3
73,3,16,21,5,0.13,21,20,8,9,5,7
66,5,24,32,6,0.13,15,17,8,9,7,6
69,4,15,20,2,0.11,17,19,5,9,8,3
62,4,19,24,3,0.13,17,18,7,10,6,5
68,4,21,25,3,0.13,18,21,5,11,10,4
70,3,19,20,2,0.15,17,18,5,11,8,3
78,2,18,18,2,0.12,19,19,6,13,11,4
69,4,31,31,2,0.12,14,15,6,9,8,3
68,27,51,87,3,0.18,22,24,8,15,13,4
112,32,80,116,4,0.3,31,30,9,23,20,4
82,32,106,155,3,0.34,36,33,10,29,21,8
73,6,42,42,2,0.22,22,23,6,14,11,3
104,11,34,46,3,0.15,22,23,9,16,14,5
162,12,41,59,3,0.18,25,24,10,20,17,5
160,26,119,127,4,0.36,39,38,9,30,26,6
95,20,90,108,5,0.33,62,50,18,58,43,15
186,24,66,95,4,0.36,38,34,11,27,21,7
120,3,27,31,3,0.23,36,31,11,28,21,7
68,3,18,19,2,0.15,18,19,6,10,7,5
54,3,23,24,3,0.16,13,14,8,7,6,4
53,2,17,18,3,0.19,12,14,7,8,6,4
79,10,37,42,2,0.16,21,20,6,11,8,6
59,19,70,98,4,0.35,32,26,12,23,16,8
57,6,40,48,4,0.22,17,15,10,17,9,9
52,31,52,100,4,0.15,12,13,6,8,7,4
66,7,44,55,3,0.17,16,17,7,12,10,4
76,5,21,22,2,0.16,25,27,7,16,14,4
83,5,63,72,2,0.28,17,18,7,11,9,4
74,8,39,40,4,0.14,14,14,8,10,8,4
69,16,52,61,4,0.16,19,20,9,13,12,5
80,12,58,62,5,0.18,20,22,9,14,11,4
155,21,79,82,5,0.37,,,,24,21,5
97,6,46,52,3,0.23,,,,15,12,4
89,3,47,51,3,0.2,,,,14,11,5
113,2,44,47,3,0.16,,,,16,10,6
75,12,29,48,5,0.18,,,,11,10,4
57,6,39,42,4,0.18,,,,11,8,5
65,6,35,38,4,0.16,,,,8,8,3
85,6,22,30,4,0.11,,,,10,7,4
57,8,54,59,3,0.19,,,,9,8,3
48,4,41,45,2,0.14,,,,11,9,4
33,5,24,27,2,0.15,,,,7,4,4
88,7,48,51,3,0.17,,,,11,13,6
99,19,50,79,5,0.21,,,,18,13,8
79,16,55,76,5,0.36,,,,25,22,5
56,8,24,34,3,0.21,,,,12,9,5
65,5,22,27,3,0.18,,,,8,6,4
63,4,32,34,3,0.16,,,,7,5,4
59,6,38,48,2,0.18,,,,10,9,4
52,5,29,36,3,0.13,,,,9,6,3
76,14,65,68,4,0.23,,,,15,12,4
57,6,34,36,3,0.19,,,,,,
52,7,26,33,3,0.16,,,,,,
54,6,25,32,2,0.13,,,,,,
58,4,46,53,3,0.25,,,,10,8,4
66,3,18,19,3,0.16,,,,6,6,3
63,5,28,29,2,0.15,,,,9,8,5
70,10,31,44,2,0.16,,,,10,8,4
60,5,31,39,3,0.15,,,,8,7,4
61,3,19,23,3,0.13,,,,12,9,4
65,3,35,36,3,0.17,,,,8,7,3
69,7,41,42,3,0.19,,,,16,12,4
77,5,38,40,2,0.18,,,,10,7,3
57,8,53,66,3,0.22,,,,9,7,3
47,10,48,56,4,0.21,,,,14,9,5
49,11,44,60,3,0.18,11,12,5,12,10,6
68,88,80,214,4,0.53,23,24,5,18,18,6
70,83,70,198,4,0.56,26,26,6,20,17,4
63,3,22,23,3,0.13,7,11,5,7,6,2
87,3,44,45,1,0.23,14,17,5,12,10,3
83,31,59,107,3,0.23,20,20,8,15,11,4
74,10,68,84,3,0.21,22,22,7,19,15,4
68,52,52,130,4,0.27,17,19,6,18,15,4
66,8,34,45,3,0.18,16,18,7,11,8,4
56,6,30,36,3,0.18,17,17,7,12,10,7
68,4,32,32,3,0.39,11,14,5,9,8,5
71,8,27,34,2,0.18,12,15,5,13,8,6
46,12,53,65,2,0.25,,,,,,
48,24,67,80,4,0.25,,,,27,19,8
,64,61,158,6,0.37,,,,52,33,19
55,17,62,82,3,0.28,,,,12,10,2
90,88,91,183,4,0.36,,,,20,18,5
100,44,84,128,4,0.41,30,30,6,22,20,4
87,44,89,150,5,0.49,48,43,11,42,35,8
123,16,81,95,5,0.32,53,43,17,46,34,13
58,30,62,97,4,0.23,30,29,9,27,22,8
50,18,60,88,3,0.25,16,17,7,17,13,5
64,36,60,92,3,0.26,18,21,8,15,13,4
72,68,75,157,4,0.32,19,20,6,13,13,6
70,13,49,65,4,0.18,16,18,8,15,13,3
78,3,37,37,2,0.19,21,20,8,16,12,6
56,15,52,72,3,0.24,12,14,5,11,9,3
50,6,32,34,3,0.19,10,12,5,10,8,3
63,9,72,86,3,0.2,24,26,4,15,13,3
57,14,55,64,4,0.14,28,25,5,13,12,5
56,35,63,113,5,0.38,14,13,3,11,9,4
54,20,52,81,5,0.24,11,10,3,10,10,2
65,15,39,61,4,0.15,13,10,5,10,7,5
59,5,38,40,4,0.15,16,12,4,8,8,2
63,17,39,66,4,0.2,10,11,4,,,
63,4,34,35,3,0.17,14,12,4,6,7,3
60,9,49,52,2,0.16,10,10,3,9,8,3
47,38,59,108,3,0.28,15,13,4,14,11,5
59,60,48,135,5,0.23,21,17,5,17,14,4
66,8,61,68,3,0.3,16,14,3,13,13,2
57,18,58,78,2,0.24,20,18,4,13,12,4
52,97,78,227,5,0.71,20,18,5,17,16,6
,38,49,104,4,0.31,18,16,4,14,12,4
64,11,63,80,3,0.29,14,14,4,11,9,3
61,103,59,216,5,0.41,23,21,4,14,13,4
69,6,55,59,5,0.33,32,25,6,26,20,6
90,6,58,60,2,0.27,39,30,11,32,23,9
41,46,71,134,4,0.37,,,,,,
41,23,73,90,4,0.23,58,43,16,53,40,13
78,47,57,125,6,0.27,66,48,20,57,41,18
68,9,44,58,4,0.19,13,11,7,11,6,7
57,13,59,71,5,0.23,22,20,4,14,12,4
66,13,51,68,3,0.25,19,18,4,10,10,4
66,2,18,20,4,0.15,10,9,4,8,6,3
66,4,32,38,3,0.14,28,27,5,14,13,3
66,53,79,155,3,0.37,25,24,5,14,14,4
60,17,51,74,4,0.28,17,14,4,11,9,6
64,4,49,52,3,0.15,12,10,3,7,7,4
60,32,80,128,3,0.55,26,22,3,16,16,4
55,4,36,43,4,0.16,12,10,3,9,6,3
57,135,70,277,8,0.81,35,33,3,27,25,3
40,118,66,247,,0.59,27,25,4,23,21,4
50,10,40,56,,0.17,12,10,4,10,8,3
,5,35,42,,0.13,14,15,4,8,6,4
52,32,45,95,,0.22,22,19,4,11,9,4
51,7,35,46,,0.15,19,17,4,11,9,4
49,5,45,52,,0.21,24,21,4,14,13,4
82,55,71,153,,0.48,39,36,8,33,30,5
77,111,77,242,,0.53,34,30,6,28,24,4
75,86,87,218,,0.48,30,27,5,19,16,4
29,159,73,315,,0.78,87,80,10,43,39,6
67,85,58,188,,0.44,45,34,13,36,27,9
68,3,48,51,,0.3,18,15,5,9,7,3
76,2,19,20,,0.12,22,16,6,11,9,4
70,2,45,48,,0.2,13,11,3,7,6,2
54,11,57,72,,0.24,14,12,5,11,8,4
61,4,39,44,,0.14,15,10,6,10,7,4
68,92,84,225,,0.54,27,27,5,21,21,4
15,72,65,176,,0.27,27,21,7,23,19,6
50,131,84,283,,0.56,34,29,7,27,23,4
49,45,59,127,,0.27,21,16,6,17,13,6
67,6,55,64,,0.18,16,14,5,10,9,4
51,153,97,332,,0.76,38,35,5,30,28,4
41,40,65,126,,0.34,32,27,5,26,21,4
45,143,81,300,,0.73,42,38,9,32,28,5
4,163,78,313,,0.64,54,48,8,44,38,8
39,309,97,547,,0.81,179,170,12,183,176,9
42,27,58,99,,0.39,45,36,10,37,28,9
57,62,61,148,,0.37,54,52,5,44,43,4
37,95,74,193,,0.46,48,45,9,40,37,6
61,14,58,73,,0.26,18,14,6,11,8,4
70,101,78,234,,0.63,26,23,5,18,16,4
17,78,75,182,,0.43,25,21,6,20,16,7
67,10,70,79,,0.23,19,16,7,10,7,4
44,35,60,108,2,0.28,30,24,7,22,18,5
68,20,56,86,3,0.35,25,20,7,21,16,6
46,52,67,147,4,0.42,21,20,3,18,15,4
35,19,60,81,2,0.28,20,16,5,12,10,4
28,63,57,148,4,0.44,29,24,11,27,21,6
40,63,58,146,4,0.43,28,24,7,26,20,6
52,275,98,509,11,0.65,47,43,8,31,28,6
36,21,71,103,3,0.26,22,19,6,15,12,4
40,55,76,160,4,0.59,39,38,5,31,28,5
44,8,50,63,3,0.17,16,13,6,11,7,5
56,5,39,44,2,0.14,20,15,7,16,10,6
81,4,27,30,4,0.16,23,19,9,15,13,5
78,5,48,51,3,0.17,21,18,5,10,10,5
36,293,99,548,13,1.2,72,66,6,56,52,4
50,252,88,474,12,1.2,68,61,8,55,50,5
57,9,66,80,2,0.29,24,22,5,17,15,4
58,9,50,62,2,0.14,12,8,6,7,4,4
48,60,66,157,4,0.33,18,16,6,13,10,3
43,13,47,62,2,0.14,27,24,4,11,9,4
58,21,62,86,2,0.23,30,25,5,12,8,5
68,16,57,76,2,0.19,17,17,4,12,11,4
21,42,71,127,3,0.36,48,45,6,43,38,6
28,10,59,69,2,0.23,21,17,8,14,10,6
26,94,70,214,4,0.36,44,40,5,15,14,3
52,23,67,103,2,0.25,18,14,5,12,10,4
66,14,66,87,2,0.21,18,14,5,11,7,4
64,37,55,107,3,0.2,22,15,7,11,8,6
57,26,62,97,2,0.19,12,8,5,8,7,4
42,32,73,109,3,0.42,31,24,7,23,18,7
50,16,82,107,4,0.3,20,13,9,15,12,8
48,43,98,164,4,0.22,16,14,8,12,12,6
37,117,92,262,6,0.38,30,22,10,25,20,7
71,50,94,150,3,0.31,14,11,7,15,13,6
71,20,82,114,5,0.37,18,16,5,13,11,4
47,22,60,82,5,0.18,14,12,4,9,8,2
30,50,61,133,4,0.31,22,18,5,18,16,3
49,43,54,118,4,0.27,24,18,10,20,15,7
56,418,130,770,22,1.6,53,46,6,45,41,5
5,187,85,366,6,0.84,53,46,9,41,36,8
14,84,62,190,8,0.4,37,30,9,22,17,7
34,105,63,224,7,0.47,28,16,14,26,17,10
32,40,68,129,2,0.32,18,12,8,19,12,7
50,5,31,37,1,0.12,11,6,7,8,4,6
66,1,21,22,2,0.13,9,5,6,6,1,5
70,1,10,11,3,0.14,20,14,8,12,9,6
69,3,42,46,3,0.22,14,12,8,7,3,6
72,6,44,53,4,0.19,10,8,5,8,7,2
37,64,72,171,4,0.54,30,26,4,27,23,4
72,23,62,97,3,0.33,19,18,6,15,11,9
75,5,34,36,3,0.16,36,39,8,18,16,7
80,1,21,22,3,0.13,18,12,6,12,8,6
