Date,Bikes in service
01/12/2011,"6,598"
02/12/2011,"6,598"
03/12/2011,"6,602"
04/12/2011,"6,602"
05/12/2011,"6,602"
06/12/2011,"6,602"
07/12/2011,"6,602"
08/12/2011,"6,602"
09/12/2011,"6,603"
10/12/2011,"6,603"
11/12/2011,"6,603"
12/12/2011,"6,603"
13/12/2011,"6,603"
14/12/2011,"6,603"
15/12/2011,"6,603"
16/12/2011,"6,603"
17/12/2011,"6,603"
18/12/2011,"6,603"
19/12/2011,"6,603"
20/12/2011,"6,603"
21/12/2011,"6,603"
22/12/2011,"6,603"
23/12/2011,"6,603"
24/12/2011,"6,603"
25/12/2011,"6,603"
26/12/2011,"6,603"
27/12/2011,"6,603"
28/12/2011,"6,603"
29/12/2011,"6,603"
30/12/2011,"6,603"
31/12/2011,"6,603"
01/01/2012,"6,603"
02/01/2012,"6,603"
03/01/2012,"6,603"
04/01/2012,"6,603"
05/01/2012,"6,603"
06/01/2012,"6,603"
07/01/2012,"6,603"
08/01/2012,"6,603"
09/01/2012,"6,603"
10/01/2012,"6,603"
11/01/2012,"6,603"
12/01/2012,"6,603"
13/01/2012,"6,603"
14/01/2012,"6,603"
15/01/2012,"6,603"
16/01/2012,"6,603"
17/01/2012,"6,603"
18/01/2012,"6,606"
19/01/2012,"6,606"
20/01/2012,"6,783"
21/01/2012,"6,608"
22/01/2012,"6,608"
23/01/2012,"6,608"
24/01/2012,"6,616"
25/01/2012,"6,616"
26/01/2012,"6,616"
27/01/2012,"6,617"
28/01/2012,"6,617"
29/01/2012,"6,617"
30/01/2012,"6,617"
31/01/2012,"6,617"
01/02/2012,"6,617"
02/02/2012,"6,619"
03/02/2012,"6,619"
04/02/2012,"6,619"
05/02/2012,"6,619"
06/02/2012,"6,619"
07/02/2012,"6,619"
08/02/2012,"6,619"
09/02/2012,"6,619"
10/02/2012,"6,619"
11/02/2012,"6,619"
12/02/2012,"6,619"
13/02/2012,"6,619"
14/02/2012,"6,619"
15/02/2012,"6,619"
16/02/2012,"6,619"
17/02/2012,"6,619"
18/02/2012,"6,619"
19/02/2012,"6,619"
20/02/2012,"6,619"
21/02/2012,"6,619"
22/02/2012,"6,619"
23/02/2012,"6,619"
24/02/2012,"6,619"
25/02/2012,"6,626"
26/02/2012,"6,671"
27/02/2012,"6,702"
28/02/2012,"6,765"
29/02/2012,"6,765"
01/03/2012,"6,765"
02/03/2012,"6,765"
03/03/2012,"6,765"
04/03/2012,"6,765"
05/03/2012,"6,765"
06/03/2012,"6,765"
07/03/2012,"6,765"
08/03/2012,
09/03/2012,
10/03/2012,"9,200"
11/03/2012,"9,200"
12/03/2012,"9,200"
13/03/2012,"9,200"
14/03/2012,"9,200"
15/03/2012,"9,200"
16/03/2012,"9,200"
17/03/2012,"9,200"
18/03/2012,"9,200"
19/03/2012,"9,200"
20/03/2012,"9,200"
21/03/2012,"9,200"
22/03/2012,"9,200"
23/03/2012,"9,200"
24/03/2012,"9,200"
25/03/2012,"9,200"
26/03/2012,"9,200"
27/03/2012,"9,200"
28/03/2012,"9,200"
29/03/2012,"9,200"
30/03/2012,"9,200"
31/03/2012,"9,200"
01/04/2012,"9,200"
02/04/2012,"9,200"
03/04/2012,"9,200"
04/04/2012,"9,200"
05/04/2012,"9,200"
06/04/2012,"9,200"
07/04/2012,"9,200"
08/04/2012,"9,200"
09/04/2012,"9,200"
10/04/2012,"9,200"
11/04/2012,"9,200"
12/04/2012,"9,202"
13/04/2012,"9,202"
14/04/2012,"9,202"
15/04/2012,"9,202"
16/04/2012,"9,202"
17/04/2012,"9,202"
18/04/2012,"9,202"
19/04/2012,"9,202"
20/04/2012,"9,202"
21/04/2012,"9,202"
22/04/2012,"9,202"
23/04/2012,"9,202"
24/04/2012,"9,202"
25/04/2012,"9,202"
26/04/2012,"9,202"
27/04/2012,"9,202"
28/04/2012,"9,202"
29/04/2012,"9,202"
30/04/2012,"9,202"
01/05/2012,"9,202"
02/05/2012,"9,202"
03/05/2012,"9,202"
04/05/2012,"9,202"
05/05/2012,"9,202"
06/05/2012,"9,202"
07/05/2012,"9,202"
08/05/2012,"9,202"
09/05/2012,"9,202"
10/05/2012,"9,202"
11/05/2012,"9,202"
12/05/2012,"9,202"
13/05/2012,"9,202"
14/05/2012,"9,202"
15/05/2012,"9,202"
16/05/2012,"9,202"
17/05/2012,"9,202"
18/05/2012,"9,202"
19/05/2012,"9,202"
20/05/2012,"9,202"
21/05/2012,"9,202"
22/05/2012,"9,202"
23/05/2012,"9,202"
24/05/2012,"9,202"
25/05/2012,"9,202"
26/05/2012,"9,202"
27/05/2012,"9,202"
28/05/2012,"9,202"
29/05/2012,"9,202"
30/05/2012,"9,202"
31/05/2012,"9,202"
01/06/2012,"9,202"
02/06/2012,"9,202"
03/06/2012,"9,202"
04/06/2012,"9,202"
05/06/2012,"9,202"
06/06/2012,"9,202"
07/06/2012,"9,202"
08/06/2012,"9,202"
09/06/2012,"9,202"
10/06/2012,"9,202"
11/06/2012,"9,202"
12/06/2012,"9,202"
13/06/2012,"9,202"
14/06/2012,"9,202"
15/06/2012,"9,202"
16/06/2012,"9,202"
17/06/2012,"9,202"
18/06/2012,"9,202"
19/06/2012,"9,202"
20/06/2012,"9,202"
21/06/2012,"9,202"
22/06/2012,"9,202"
23/06/2012,"9,202"
24/06/2012,"9,202"
25/06/2012,"9,202"
26/06/2012,"9,202"
27/06/2012,"9,202"
28/06/2012,"9,202"
29/06/2012,"9,202"
30/06/2012,"9,202"
01/07/2012,"9,202"
02/07/2012,"9,202"
03/07/2012,"9,202"
04/07/2012,"9,202"
05/07/2012,"9,202"
06/07/2012,"9,202"
07/07/2012,"9,202"
08/07/2012,"9,202"
09/07/2012,"9,202"
10/07/2012,"9,202"
11/07/2012,"9,202"
12/07/2012,"9,202"
13/07/2012,"9,202"
14/07/2012,"9,202"
15/07/2012,"9,202"
16/07/2012,"9,202"
17/07/2012,"9,202"
18/07/2012,"9,202"
19/07/2012,"9,202"
20/07/2012,"9,202"
21/07/2012,"9,202"
22/07/2012,"9,202"
23/07/2012,"9,202"
24/07/2012,"9,202"
25/07/2012,"9,202"
26/07/2012,"9,202"
27/07/2012,"9,202"
28/07/2012,"9,202"
29/07/2012,"9,202"
30/07/2012,"9,202"
31/07/2012,"9,202"
01/08/2012,"9,203"
02/08/2012,"9,203"
03/08/2012,"9,203"
04/08/2012,"9,207"
05/08/2012,"9,207"
06/08/2012,"9,207"
07/08/2012,"9,207"
08/08/2012,"9,207"
09/08/2012,"9,207"
10/08/2012,"9,207"
11/08/2012,"9,207"
12/08/2012,"9,207"
13/08/2012,"9,207"
14/08/2012,"9,207"
15/08/2012,"9,207"
16/08/2012,"9,207"
17/08/2012,"9,207"
18/08/2012,"9,207"
19/08/2012,"9,207"
20/08/2012,"9,207"
21/08/2012,"9,207"
22/08/2012,"9,207"
23/08/2012,"9,207"
24/08/2012,"9,207"
25/08/2012,"9,207"
26/08/2012,"9,207"
27/08/2012,"9,207"
28/08/2012,"9,207"
29/08/2012,"9,212"
30/08/2012,"9,212"
31/08/2012,"9,212"
01/09/2012,"9,212"
02/09/2012,"9,212"
03/09/2012,"9,212"
04/09/2012,"9,213"
05/09/2012,"9,214"
06/09/2012,"9,214"
07/09/2012,"9,214"
08/09/2012,"9,214"
09/09/2012,"9,214"
10/09/2012,"9,214"
11/09/2012,"9,214"
12/09/2012,"9,214"
13/09/2012,"9,214"
14/09/2012,"9,214"
15/09/2012,"9,214"
16/09/2012,"9,214"
17/09/2012,"9,214"
18/09/2012,"9,214"
19/09/2012,"9,214"
20/09/2012,"9,214"
21/09/2012,"9,214"
22/09/2012,"9,214"
23/09/2012,"9,214"
24/09/2012,"9,214"
25/09/2012,"9,214"
26/09/2012,"9,214"
27/09/2012,"9,214"
28/09/2012,"9,214"
29/09/2012,"9,214"
30/09/2012,"9,214"
01/10/2012,"9,214"
02/10/2012,"9,214"
03/10/2012,"9,214"
04/10/2012,"9,214"
05/10/2012,"9,214"
06/10/2012,"9,214"
07/10/2012,"9,214"
08/10/2012,"9,214"
09/10/2012,"9,214"
10/10/2012,"9,215"
11/10/2012,"9,215"
12/10/2012,"9,215"
13/10/2012,"9,221"
14/10/2012,"9,221"
15/10/2012,"9,221"
16/10/2012,"9,227"
17/10/2012,"9,227"
18/10/2012,"9,227"
19/10/2012,"9,227"
20/10/2012,"9,227"
21/10/2012,"9,227"
22/10/2012,"9,227"
23/10/2012,"9,227"
24/10/2012,"9,227"
25/10/2012,"9,227"
26/10/2012,"9,227"
27/10/2012,"9,227"
28/10/2012,"9,227"
29/10/2012,"9,227"
30/10/2012,"9,227"
31/10/2012,"9,227"
01/11/2012,"9,227"
02/11/2012,"9,227"
03/11/2012,"9,227"
04/11/2012,"9,227"
05/11/2012,"9,227"
06/11/2012,"9,227"
07/11/2012,"9,227"
08/11/2012,"9,227"
09/11/2012,"9,227"
10/11/2012,"9,227"
11/11/2012,"9,227"
12/11/2012,"9,227"
13/11/2012,"9,227"
14/11/2012,"9,227"
15/11/2012,"9,227"
16/11/2012,"9,227"
17/11/2012,"9,227"
18/11/2012,"9,227"
19/11/2012,"9,227"
20/11/2012,"9,227"
21/11/2012,"9,227"
22/11/2012,"9,227"
23/11/2012,"9,227"
24/11/2012,"9,227"
25/11/2012,"9,227"
26/11/2012,"9,227"
27/11/2012,"9,227"
28/11/2012,"9,227"
29/11/2012,"9,227"
30/11/2012,"9,227"
01/12/2012,"9,227"
02/12/2012,"9,227"
03/12/2012,"9,227"
04/12/2012,"9,227"
05/12/2012,"9,227"
06/12/2012,"9,227"
07/12/2012,"9,227"
08/12/2012,"9,227"
09/12/2012,"9,227"
10/12/2012,"9,227"
11/12/2012,"9,227"
12/12/2012,"9,227"
13/12/2012,"9,227"
14/12/2012,"9,228"
15/12/2012,"9,228"
16/12/2012,"9,228"
17/12/2012,"9,228"
18/12/2012,"9,228"
19/12/2012,"9,228"
20/12/2012,"9,228"
21/12/2012,"9,229"
22/12/2012,"9,229"
23/12/2012,"9,229"
24/12/2012,"9,229"
25/12/2012,"9,229"
26/12/2012,"9,229"
27/12/2012,"9,229"
28/12/2012,"9,229"
29/12/2012,"9,229"
30/12/2012,"9,229"
31/12/2012,"9,229"
01/01/2013,"9,229"
02/01/2013,"9,229"
03/01/2013,"9,229"
04/01/2013,"9,229"
05/01/2013,"9,229"
06/01/2013,"9,229"
07/01/2013,"9,229"
08/01/2013,"9,229"
09/01/2013,"9,229"
10/01/2013,"9,229"
11/01/2013,"9,229"
12/01/2013,"9,229"
13/01/2013,"9,229"
14/01/2013,"9,229"
15/01/2013,"9,229"
16/01/2013,"9,229"
17/01/2013,"9,229"
18/01/2013,"9,229"
19/01/2013,"9,229"
20/01/2013,"9,229"
21/01/2013,"9,229"
22/01/2013,"9,229"
23/01/2013,"9,473"
24/01/2013,"9,473"
25/01/2013,"9,473"
26/01/2013,"9,473"
27/01/2013,"9,473"
28/01/2013,"9,473"
29/01/2013,"9,473"
30/01/2013,"9,473"
31/01/2013,"9,489"
01/02/2013,"9,409"
02/02/2013,"9,409"
03/02/2013,"9,409"
04/02/2013,"9,409"
05/02/2013,"9,409"
06/02/2013,"9,409"
07/02/2013,"9,409"
08/02/2013,"9,409"
09/02/2013,"9,409"
10/02/2013,"9,409"
11/02/2013,"9,409"
12/02/2013,"9,409"
13/02/2013,"9,409"
14/02/2013,"9,409"
15/02/2013,"9,409"
16/02/2013,"9,409"
17/02/2013,"9,409"
18/02/2013,"9,409"
19/02/2013,"9,409"
20/02/2013,"9,409"
21/02/2013,"9,409"
22/02/2013,"9,409"
23/02/2013,"9,409"
24/02/2013,"9,409"
25/02/2013,"9,409"
26/02/2013,"9,409"
27/02/2013,"9,409"
28/02/2013,"9,412"
01/03/2013,"9,414"
02/03/2013,"9,414"
03/03/2013,"9,414"
04/03/2013,"9,414"
05/03/2013,"9,414"
06/03/2013,"9,414"
07/03/2013,"9,414"
08/03/2013,"9,414"
09/03/2013,"9,414"
10/03/2013,"9,414"
11/03/2013,"9,414"
12/03/2013,"9,414"
13/03/2013,"9,414"
14/03/2013,"9,414"
15/03/2013,"9,414"
16/03/2013,"9,415"
17/03/2013,"9,415"
18/03/2013,"9,415"
19/03/2013,"9,415"
20/03/2013,"9,415"
21/03/2013,"9,415"
22/03/2013,"9,415"
23/03/2013,"9,415"
24/03/2013,"9,415"
25/03/2013,"9,415"
26/03/2013,"9,415"
27/03/2013,"9,415"
28/03/2013,"9,415"
29/03/2013,"9,415"
30/03/2013,"9,415"
31/03/2013,"9,415"
01/04/2013,"9,415"
02/04/2013,"9,415"
03/04/2013,"9,415"
04/04/2013,"9,415"
05/04/2013,"9,415"
06/04/2013,"9,415"
07/04/2013,"9,415"
08/04/2013,"9,415"
09/04/2013,"9,415"
10/04/2013,"9,415"
11/04/2013,"9,415"
12/04/2013,"9,415"
13/04/2013,"9,415"
14/04/2013,"9,415"
15/04/2013,"9,415"
16/04/2013,"9,415"
17/04/2013,"9,416"
18/04/2013,"9,416"
19/04/2013,"9,416"
20/04/2013,"9,416"
21/04/2013,"9,416"
22/04/2013,"9,416"
23/04/2013,"9,416"
24/04/2013,"9,416"
25/04/2013,"9,416"
26/04/2013,"9,416"
27/04/2013,"9,416"
28/04/2013,"9,416"
29/04/2013,"9,416"
30/04/2013,"9,416"
01/05/2013,"9,416"
02/05/2013,"9,416"
03/05/2013,"9,416"
04/05/2013,"9,416"
05/05/2013,"9,416"
06/05/2013,"9,416"
07/05/2013,"9,416"
08/05/2013,"9,416"
09/05/2013,"9,416"
10/05/2013,"9,416"
11/05/2013,"9,416"
12/05/2013,"9,416"
13/05/2013,"9,416"
14/05/2013,"9,416"
15/05/2013,"9,416"
16/05/2013,"9,416"
17/05/2013,"9,416"
18/05/2013,"9,416"
19/05/2013,"9,416"
20/05/2013,"9,416"
21/05/2013,"9,417"
22/05/2013,"9,417"
23/05/2013,"9,417"
24/05/2013,"9,417"
25/05/2013,"9,417"
26/05/2013,"9,417"
27/05/2013,"9,417"
28/05/2013,"9,417"
29/05/2013,"9,417"
30/05/2013,"9,417"
31/05/2013,"9,417"
01/06/2013,"9,417"
02/06/2013,"9,417"
03/06/2013,"9,417"
04/06/2013,"9,417"
05/06/2013,"9,417"
06/06/2013,"9,417"
07/06/2013,"9,417"
08/06/2013,"9,417"
09/06/2013,"9,417"
10/06/2013,"9,417"
11/06/2013,"9,417"
12/06/2013,"9,417"
13/06/2013,"9,417"
14/06/2013,"9,417"
15/06/2013,"9,417"
16/06/2013,"9,417"
17/06/2013,"9,417"
18/06/2013,"9,417"
19/06/2013,"9,417"
20/06/2013,"9,417"
21/06/2013,"9,417"
22/06/2013,"9,417"
23/06/2013,"9,417"
24/06/2013,"9,417"
25/06/2013,"9,417"
26/06/2013,"9,417"
27/06/2013,"9,417"
28/06/2013,"9,417"
29/06/2013,"9,417"
30/06/2013,"9,417"
01/07/2013,"9,417"
02/07/2013,"9,417"
03/07/2013,"9,417"
04/07/2013,"9,417"
05/07/2013,"9,417"
06/07/2013,"9,417"
07/07/2013,"9,417"
08/07/2013,"9,417"
09/07/2013,"9,417"
10/07/2013,"9,417"
11/07/2013,"9,417"
12/07/2013,"9,417"
13/07/2013,"9,417"
14/07/2013,"9,417"
15/07/2013,"9,417"
16/07/2013,"9,417"
17/07/2013,"9,417"
18/07/2013,"9,417"
19/07/2013,"9,417"
20/07/2013,"9,417"
21/07/2013,"9,417"
22/07/2013,"9,417"
23/07/2013,"9,466"
24/07/2013,"9,507"
25/07/2013,"9,598"
26/07/2013,"9,647"
27/07/2013,"9,648"
28/07/2013,"9,648"
29/07/2013,"9,648"
30/07/2013,"9,648"
31/07/2013,"9,648"
01/08/2013,"9,648"
02/08/2013,"9,648"
03/08/2013,"9,648"
04/08/2013,"9,648"
05/08/2013,"9,648"
06/08/2013,"9,648"
07/08/2013,"9,648"
08/08/2013,"9,648"
09/08/2013,"9,648"
10/08/2013,"9,648"
11/08/2013,"9,648"
12/08/2013,"9,648"
13/08/2013,"9,648"
14/08/2013,"9,648"
15/08/2013,"9,648"
16/08/2013,"9,648"
17/08/2013,"9,648"
18/08/2013,"9,648"
19/08/2013,"9,648"
20/08/2013,"9,648"
21/08/2013,"9,656"
22/08/2013,"9,656"
23/08/2013,"9,656"
24/08/2013,"9,656"
25/08/2013,"9,656"
26/08/2013,"9,656"
27/08/2013,"9,656"
28/08/2013,"9,657"
29/08/2013,"9,657"
30/08/2013,"9,657"
31/08/2013,"9,657"
01/09/2013,"9,657"
02/09/2013,"7,480"
03/09/2013,"7,488"
04/09/2013,"7,430"
05/09/2013,"7,575"
06/09/2013,"7,528"
07/09/2013,"7,610"
08/09/2013,"7,676"
09/09/2013,"7,602"
10/09/2013,"7,627"
11/09/2013,"7,677"
12/09/2013,"7,670"
13/09/2013,"7,736"
14/09/2013,"7,736"
15/09/2013,"7,736"
16/09/2013,"7,736"
17/09/2013,"7,992"
18/09/2013,"8,285"
19/09/2013,"8,151"
20/09/2013,"8,122"
21/09/2013,"7,990"
22/09/2013,"7,713"
23/09/2013,"7,990"
24/09/2013,"8,158"
25/09/2013,"8,105"
26/09/2013,"8,165"
27/09/2013,"8,159"
28/09/2013,"8,129"
29/09/2013,"7,683"
30/09/2013,"7,780"
01/10/2013,"7,792"
02/10/2013,"7,917"
03/10/2013,"7,931"
04/10/2013,"8,115"
05/10/2013,"7,891"
06/10/2013,"7,495"
07/10/2013,"7,240"
08/10/2013,"7,388"
09/10/2013,"7,473"
10/10/2013,"7,483"
11/10/2013,"7,449"
12/10/2013,"7,453"
13/10/2013,"7,182"
14/10/2013,"7,409"
15/10/2013,"7,447"
16/10/2013,"7,527"
17/10/2013,"7,570"
18/10/2013,"7,633"
19/10/2013,"7,522"
20/10/2013,"7,470"
21/10/2013,"7,519"
22/10/2013,"7,682"
23/10/2013,"7,776"
24/10/2013,"7,701"
25/10/2013,"7,674"
26/10/2013,"7,533"
27/10/2013,"7,546"
28/10/2013,"7,386"
29/10/2013,"7,559"
30/10/2013,"7,516"
31/10/2013,"7,614"
01/11/2013,"7,686"
02/11/2013,"7,598"
03/11/2013,"7,662"
04/11/2013,"7,702"
05/11/2013,"7,669"
06/11/2013,"7,659"
07/11/2013,"7,675"
08/11/2013,"7,680"
09/11/2013,"7,612"
10/11/2013,"7,594"
11/11/2013,"7,618"
12/11/2013,"7,614"
13/11/2013,"7,590"
14/11/2013,"7,672"
15/11/2013,"7,750"
16/11/2013,"7,547"
17/11/2013,"7,570"
18/11/2013,"7,675"
19/11/2013,"7,647"
20/11/2013,"7,642"
21/11/2013,"7,709"
22/11/2013,"7,699"
23/11/2013,"7,527"
24/11/2013,"7,532"
25/11/2013,"7,622"
26/11/2013,"7,669"
27/11/2013,"7,690"
28/11/2013,"7,746"
29/11/2013,"7,769"
30/11/2013,"7,528"
01/12/2013,"7,518"
02/12/2013,"7,657"
03/12/2013,"7,734"
04/12/2013,"7,806"
05/12/2013,"7,833"
06/12/2013,"7,826"
07/12/2013,"7,592"
08/12/2013,"7,509"
09/12/2013,"7,527"
10/12/2013,"7,765"
11/12/2013,"7,513"
12/12/2013,"7,475"
13/12/2013,"9,173"
14/12/2013,"9,202"
15/12/2013,"9,138"
16/12/2013,"9,069"
17/12/2013,"9,140"
18/12/2013,"9,151"
19/12/2013,"9,207"
20/12/2013,"9,269"
21/12/2013,"9,402"
22/12/2013,"9,363"
23/12/2013,"9,340"
24/12/2013,"9,453"
25/12/2013,"9,224"
26/12/2013,"8,794"
27/12/2013,"8,788"
28/12/2013,"9,081"
29/12/2013,"9,088"
30/12/2013,"9,043"
31/12/2013,"9,016"
01/01/2014,"9,229"
02/01/2014,"9,202"
03/01/2014,"9,184"
04/01/2014,"9,229"
05/01/2014,"9,299"
06/01/2014,"9,184"
07/01/2014,"9,283"
08/01/2014,"9,280"
09/01/2014,"9,276"
10/01/2014,"9,312"
11/01/2014,"9,390"
12/01/2014,"9,270"
13/01/2014,"9,210"
14/01/2014,"9,233"
15/01/2014,"9,262"
16/01/2014,"9,286"
17/01/2014,"9,322"
18/01/2014,"9,348"
19/01/2014,"9,233"
20/01/2014,"9,124"
21/01/2014,"9,201"
22/01/2014,"9,222"
23/01/2014,"9,196"
24/01/2014,"9,296"
25/01/2014,"9,222"
26/01/2014,"9,253"
27/01/2014,"9,350"
28/01/2014,"9,243"
29/01/2014,"9,204"
30/01/2014,"9,219"
31/01/2014,"9,216"
01/02/2014,"9,070"
02/02/2014,"9,045"
03/02/2014,"8,960"
04/02/2014,"8,897"
05/02/2014,"8,819"
06/02/2014,"8,601"
07/02/2014,"8,564"
08/02/2014,"8,545"
09/02/2014,"8,544"
10/02/2014,"8,507"
11/02/2014,"8,692"
12/02/2014,"8,536"
13/02/2014,"8,646"
14/02/2014,"8,702"
15/02/2014,"8,711"
16/02/2014,"8,612"
17/02/2014,"8,538"
18/02/2014,"8,608"
19/02/2014,"8,602"
20/02/2014,"8,616"
21/02/2014,"8,666"
22/02/2014,"8,659"
23/02/2014,"8,648"
24/02/2014,"8,707"
25/02/2014,"8,829"
26/02/2014,"8,819"
27/02/2014,"9,063"
28/02/2014,"9,396"
01/03/2014,"9,604"
02/03/2014,"9,636"
03/03/2014,"9,592"
04/03/2014,"9,584"
05/03/2014,"9,235"
06/03/2014,"9,338"
07/03/2014,"9,306"
08/03/2014,"9,379"
09/03/2014,"9,195"
10/03/2014,"9,066"
11/03/2014,"9,123"
12/03/2014,"9,144"
13/03/2014,"9,137"
14/03/2014,"9,232"
15/03/2014,"9,296"
16/03/2014,"9,149"
17/03/2014,"9,012"
18/03/2014,"9,244"
19/03/2014,"9,508"
20/03/2014,"9,469"
21/03/2014,"9,645"
22/03/2014,"9,659"
23/03/2014,"9,627"
24/03/2014,"9,585"
25/03/2014,"9,635"
26/03/2014,"9,715"
27/03/2014,"9,790"
28/03/2014,"9,739"
29/03/2014,"9,734"
30/03/2014,"9,598"
31/03/2014,"9,507"
01/04/2014,"9,640"
02/04/2014,"9,663"
03/04/2014,"9,568"
04/04/2014,"9,655"
05/04/2014,"9,645"
06/04/2014,"9,595"
07/04/2014,"9,829"
08/04/2014,"9,709"
09/04/2014,"9,707"
10/04/2014,"9,737"
11/04/2014,"9,655"
12/04/2014,"9,687"
13/04/2014,"9,499"
14/04/2014,"9,480"
15/04/2014,"9,501"
16/04/2014,"9,644"
17/04/2014,"9,710"
18/04/2014,"9,591"
19/04/2014,"9,591"
20/04/2014,"9,423"
21/04/2014,"9,537"
22/04/2014,"9,406"
23/04/2014,"9,494"
24/04/2014,"9,669"
25/04/2014,"9,668"
26/04/2014,"9,890"
27/04/2014,"9,754"
28/04/2014,"9,754"
29/04/2014,"9,956"
30/04/2014,"9,915"
01/05/2014,"9,973"
02/05/2014,"10,244"
03/05/2014,"10,388"
04/05/2014,"10,255"
05/05/2014,"10,118"
06/05/2014,"10,105"
07/05/2014,"10,191"
08/05/2014,"10,307"
09/05/2014,"10,270"
10/05/2014,"10,327"
11/05/2014,"10,208"
12/05/2014,"10,225"
13/05/2014,"10,147"
14/05/2014,"10,149"
15/05/2014,"10,189"
16/05/2014,"10,164"
17/05/2014,"10,100"
18/05/2014,"9,915"
19/05/2014,"9,743"
20/05/2014,"9,847"
21/05/2014,"10,148"
22/05/2014,"10,197"
23/05/2014,"10,253"
24/05/2014,"10,301"
25/05/2014,"10,318"
26/05/2014,"10,128"
27/05/2014,"10,297"
28/05/2014,"10,351"
29/05/2014,"10,286"
30/05/2014,"10,380"
31/05/2014,"10,409"
01/06/2014,"10,388"
02/06/2014,"10,391"
03/06/2014,"10,372"
04/06/2014,"10,365"
05/06/2014,"10,324"
06/06/2014,"10,215"
07/06/2014,"10,279"
08/06/2014,"10,322"
09/06/2014,"10,262"
10/06/2014,"10,261"
11/06/2014,"10,246"
12/06/2014,"10,252"
13/06/2014,"10,308"
14/06/2014,"10,407"
15/06/2014,"10,353"
16/06/2014,"10,417"
17/06/2014,"10,334"
18/06/2014,"10,332"
19/06/2014,"10,342"
20/06/2014,"10,406"
21/06/2014,"10,391"
22/06/2014,"10,238"
23/06/2014,"10,205"
24/06/2014,"10,211"
25/06/2014,"10,214"
26/06/2014,"10,164"
27/06/2014,"10,227"
28/06/2014,"10,217"
29/06/2014,"10,181"
30/06/2014,"10,199"
01/07/2014,"10,237"
02/07/2014,"10,251"
03/07/2014,"10,206"
04/07/2014,"10,193"
05/07/2014,"10,199"
06/07/2014,"10,187"
07/07/2014,"10,129"
08/07/2014,"10,055"
09/07/2014,"10,054"
10/07/2014,"10,007"
11/07/2014,"10,086"
12/07/2014,"10,188"
13/07/2014,"10,108"
14/07/2014,"10,110"
15/07/2014,"9,951"
16/07/2014,"10,093"
17/07/2014,"10,061"
18/07/2014,"10,092"
19/07/2014,"10,085"
20/07/2014,"10,023"
21/07/2014,"9,951"
22/07/2014,"10,004"
23/07/2014,"10,123"
24/07/2014,"9,921"
25/07/2014,"9,946"
26/07/2014,"9,996"
27/07/2014,"9,957"
28/07/2014,"9,983"
29/07/2014,"9,994"
30/07/2014,"9,991"
31/07/2014,"10,008"
01/08/2014,"10,024"
02/08/2014,"10,009"
03/08/2014,"10,017"
04/08/2014,"10,056"
05/08/2014,"9,992"
06/08/2014,"9,882"
07/08/2014,"9,947"
08/08/2014,"10,074"
09/08/2014,"9,953"
10/08/2014,"9,966"
11/08/2014,"9,942"
12/08/2014,"10,022"
13/08/2014,"10,045"
14/08/2014,"10,033"
15/08/2014,"10,091"
16/08/2014,"10,124"
17/08/2014,"10,009"
18/08/2014,"10,058"
19/08/2014,"10,054"
20/08/2014,"10,006"
21/08/2014,"10,218"
22/08/2014,"10,363"
23/08/2014,"10,348"
24/08/2014,"10,484"
25/08/2014,"10,322"
26/08/2014,"10,291"
27/08/2014,"10,396"
28/08/2014,"10,425"
29/08/2014,"10,418"
30/08/2014,"10,437"
31/08/2014,"10,478"
01/09/2014,"10,313"
02/09/2014,"10,389"
03/09/2014,"10,322"
04/09/2014,"10,331"
05/09/2014,"10,307"
06/09/2014,"10,337"
07/09/2014,"10,336"
08/09/2014,"10,213"
09/09/2014,"10,343"
10/09/2014,"10,360"
11/09/2014,"10,389"
12/09/2014,"10,400"
13/09/2014,"10,457"
14/09/2014,"10,283"
15/09/2014,"10,225"
16/09/2014,"10,232"
17/09/2014,"10,248"
18/09/2014,"10,199"
19/09/2014,"10,199"
20/09/2014,"10,300"
21/09/2014,"10,189"
22/09/2014,"10,114"
23/09/2014,"10,128"
24/09/2014,"10,183"
25/09/2014,"10,115"
26/09/2014,"10,177"
27/09/2014,"10,057"
28/09/2014,"9,872"
29/09/2014,"9,799"
30/09/2014,"9,979"
01/10/2014,"9,988"
02/10/2014,"9,991"
03/10/2014,"10,052"
04/10/2014,"9,956"
05/10/2014,"9,929"
06/10/2014,"9,833"
07/10/2014,"9,847"
08/10/2014,"9,826"
09/10/2014,"9,935"
10/10/2014,"10,010"
11/10/2014,"9,992"
12/10/2014,"9,981"
13/10/2014,"10,028"
14/10/2014,"10,264"
15/10/2014,"10,328"
16/10/2014,"10,390"
17/10/2014,"10,410"
18/10/2014,"10,335"
19/10/2014,"10,444"
20/10/2014,"10,601"
21/10/2014,"10,156"
22/10/2014,"10,225"
23/10/2014,"10,130"
24/10/2014,"10,207"
25/10/2014,"10,205"
26/10/2014,"10,253"
27/10/2014,"10,313"
28/10/2014,"10,019"
29/10/2014,"9,984"
30/10/2014,"10,089"
31/10/2014,"10,173"
01/11/2014,"9,969"
02/11/2014,"9,868"
03/11/2014,"9,909"
04/11/2014,"9,917"
05/11/2014,"9,970"
06/11/2014,"10,000"
07/11/2014,"9,984"
08/11/2014,"9,998"
09/11/2014,"9,981"
10/11/2014,"9,935"
11/11/2014,"10,004"
12/11/2014,"9,986"
13/11/2014,"9,922"
14/11/2014,"9,938"
15/11/2014,"9,960"
16/11/2014,"9,915"
17/11/2014,"9,881"
18/11/2014,"9,872"
19/11/2014,"10,018"
20/11/2014,"9,999"
21/11/2014,"9,932"
22/11/2014,"9,890"
23/11/2014,"10,091"
24/11/2014,"10,147"
25/11/2014,"10,129"
26/11/2014,"10,129"
27/11/2014,"10,129"
28/11/2014,"10,117"
29/11/2014,"10,139"
30/11/2014,"9,994"
01/12/2014,"10,027"
02/12/2014,"9,828"
03/12/2014,"10,090"
04/12/2014,"10,168"
05/12/2014,"10,205"
06/12/2014,"10,230"
07/12/2014,"10,247"
08/12/2014,"10,252"
09/12/2014,"10,263"
10/12/2014,"10,189"
11/12/2014,"10,156"
12/12/2014,"10,194"
13/12/2014,"10,263"
14/12/2014,"10,314"
15/12/2014,"10,384"
16/12/2014,"10,318"
17/12/2014,"10,277"
18/12/2014,"10,159"
19/12/2014,"10,224"
20/12/2014,"10,239"
21/12/2014,"10,284"
22/12/2014,"10,294"
23/12/2014,"10,441"
24/12/2014,"10,325"
25/12/2014,"10,326"
26/12/2014,"10,017"
27/12/2014,"9,949"
28/12/2014,"10,150"
29/12/2014,"10,222"
30/12/2014,"10,165"
31/12/2014,"10,216"
01/01/2015,"10,233"
02/01/2015,"10,202"
03/01/2015,"10,369"
04/01/2015,"10,485"
05/01/2015,"10,438"
06/01/2015,"10,393"
07/01/2015,"10,440"
08/01/2015,"10,352"
09/01/2015,"10,363"
10/01/2015,"10,457"
11/01/2015,"10,377"
12/01/2015,"10,431"
13/01/2015,"10,352"
14/01/2015,"10,196"
15/01/2015,"10,285"
16/01/2015,"10,455"
17/01/2015,"10,405"
18/01/2015,"10,390"
19/01/2015,"10,462"
20/01/2015,"10,371"
21/01/2015,"10,331"
22/01/2015,"10,309"
23/01/2015,"10,267"
24/01/2015,"10,258"
25/01/2015,"10,273"
26/01/2015,"10,247"
27/01/2015,"10,229"
28/01/2015,"10,259"
29/01/2015,"10,230"
30/01/2015,"10,288"
31/01/2015,"10,357"
01/02/2015,"10,241"
02/02/2015,"10,249"
03/02/2015,"10,308"
04/02/2015,"10,311"
05/02/2015,"10,401"
06/02/2015,"10,379"
07/02/2015,"10,454"
08/02/2015,"10,392"
09/02/2015,"10,354"
10/02/2015,"10,311"
11/02/2015,"10,233"
12/02/2015,"10,198"
13/02/2015,"10,125"
14/02/2015,"10,478"
15/02/2015,"10,378"
16/02/2015,"10,334"
17/02/2015,"10,321"
18/02/2015,"10,188"
19/02/2015,"10,278"
20/02/2015,"10,422"
21/02/2015,"10,440"
22/02/2015,"10,291"
23/02/2015,"10,364"
24/02/2015,"10,322"
25/02/2015,"10,244"
26/02/2015,"10,161"
27/02/2015,"10,251"
28/02/2015,"10,387"
01/03/2015,"10,312"
02/03/2015,"10,291"
03/03/2015,"10,252"
04/03/2015,"10,325"
05/03/2015,"10,276"
06/03/2015,"10,297"
07/03/2015,"10,396"
08/03/2015,"10,364"
09/03/2015,"10,258"
10/03/2015,"10,417"
11/03/2015,"10,403"
12/03/2015,"10,467"
13/03/2015,"10,454"
14/03/2015,"10,465"
15/03/2015,"10,328"
16/03/2015,"10,335"
17/03/2015,"10,335"
18/03/2015,"10,377"
19/03/2015,"10,395"
20/03/2015,"10,360"
21/03/2015,"10,498"
22/03/2015,"10,475"
23/03/2015,"10,459"
24/03/2015,"10,342"
25/03/2015,"10,367"
26/03/2015,"10,353"
27/03/2015,"10,382"
28/03/2015,"10,384"
29/03/2015,"10,315"
30/03/2015,"10,365"
31/03/2015,"10,352"
01/04/2015,"10,339"
02/04/2015,"10,350"
03/04/2015,"10,479"
04/04/2015,"10,531"
05/04/2015,"10,514"
06/04/2015,"10,265"
07/04/2015,"10,191"
08/04/2015,"10,136"
09/04/2015,"10,220"
10/04/2015,"10,326"
11/04/2015,"10,381"
12/04/2015,"10,280"
13/04/2015,"10,170"
14/04/2015,"10,150"
15/04/2015,"10,073"
16/04/2015,"10,206"
17/04/2015,"10,475"
18/04/2015,"10,608"
19/04/2015,"10,297"
20/04/2015,"10,285"
21/04/2015,"10,345"
22/04/2015,"10,286"
23/04/2015,"10,310"
24/04/2015,"10,333"
25/04/2015,"10,460"
26/04/2015,"10,295"
27/04/2015,"10,257"
28/04/2015,"10,283"
29/04/2015,"10,524"
30/04/2015,"10,485"
01/05/2015,"10,410"
02/05/2015,"10,499"
03/05/2015,"10,418"
04/05/2015,"10,405"
05/05/2015,"10,323"
06/05/2015,"10,299"
07/05/2015,"10,502"
08/05/2015,"10,484"
09/05/2015,"10,650"
10/05/2015,"10,534"
11/05/2015,"10,417"
12/05/2015,"10,580"
13/05/2015,"10,688"
14/05/2015,"10,682"
15/05/2015,"10,929"
16/05/2015,"10,868"
17/05/2015,"10,574"
18/05/2015,"10,499"
19/05/2015,"10,499"
20/05/2015,"10,584"
21/05/2015,"10,655"
22/05/2015,"10,705"
23/05/2015,"10,708"
24/05/2015,"10,619"
25/05/2015,"10,478"
26/05/2015,"10,249"
27/05/2015,"10,419"
28/05/2015,"10,499"
29/05/2015,"10,581"
30/05/2015,"10,538"
31/05/2015,"10,440"
01/06/2015,"10,533"
02/06/2015,"10,635"
03/06/2015,"10,488"
04/06/2015,"10,575"
05/06/2015,"10,648"
06/06/2015,"10,540"
07/06/2015,"10,528"
08/06/2015,"10,453"
09/06/2015,"10,559"
10/06/2015,"10,587"
11/06/2015,"10,581"
12/06/2015,"10,601"
13/06/2015,"10,567"
14/06/2015,"10,563"
15/06/2015,"10,528"
16/06/2015,"10,529"
17/06/2015,"10,555"
18/06/2015,"10,421"
19/06/2015,"10,457"
20/06/2015,"10,361"
21/06/2015,"10,344"
22/06/2015,"10,324"
23/06/2015,"10,383"
24/06/2015,"10,328"
25/06/2015,"10,365"
26/06/2015,"10,383"
27/06/2015,"10,241"
28/06/2015,"10,178"
29/06/2015,"10,116"
30/06/2015,"10,178"
01/07/2015,"10,269"
02/07/2015,"10,309"
03/07/2015,"10,280"
04/07/2015,"10,279"
05/07/2015,"10,301"
06/07/2015,"10,267"
07/07/2015,"10,438"
08/07/2015,"10,308"
09/07/2015,"10,182"
10/07/2015,"9,973"
11/07/2015,"10,168"
12/07/2015,"10,158"
13/07/2015,"10,163"
14/07/2015,"10,201"
15/07/2015,"10,171"
16/07/2015,"10,294"
17/07/2015,"10,364"
18/07/2015,"10,403"
19/07/2015,"10,330"
20/07/2015,"10,394"
21/07/2015,"10,305"
22/07/2015,"10,290"
23/07/2015,"10,345"
24/07/2015,"10,270"
25/07/2015,"10,300"
26/07/2015,"10,149"
27/07/2015,"10,178"
28/07/2015,"10,079"
29/07/2015,"10,336"
30/07/2015,"10,545"
31/07/2015,"10,422"
01/08/2015,"10,371"
02/08/2015,"10,339"
03/08/2015,"10,278"
04/08/2015,"10,332"
05/08/2015,"10,250"
06/08/2015,"10,169"
07/08/2015,"10,158"
08/08/2015,"10,273"
09/08/2015,"10,178"
10/08/2015,"10,154"
11/08/2015,"10,310"
12/08/2015,"10,371"
13/08/2015,"10,370"
14/08/2015,"10,444"
15/08/2015,"10,422"
16/08/2015,"10,380"
17/08/2015,"10,334"
18/08/2015,"10,377"
19/08/2015,"10,341"
20/08/2015,"10,351"
21/08/2015,"10,363"
22/08/2015,"10,357"
23/08/2015,"10,275"
24/08/2015,"10,316"
25/08/2015,"10,353"
26/08/2015,"10,336"
27/08/2015,"10,340"
28/08/2015,"10,377"
29/08/2015,"10,344"
30/08/2015,"10,295"
31/08/2015,"10,273"
01/09/2015,"10,289"
02/09/2015,"10,181"
03/09/2015,"10,193"
04/09/2015,"10,222"
05/09/2015,"10,173"
06/09/2015,"10,131"
07/09/2015,"9,960"
08/09/2015,"9,986"
09/09/2015,"10,106"
10/09/2015,"10,255"
11/09/2015,"10,492"
12/09/2015,"10,510"
13/09/2015,"10,454"
14/09/2015,"10,401"
15/09/2015,"10,492"
16/09/2015,"10,439"
17/09/2015,"10,443"
18/09/2015,"10,298"
19/09/2015,"10,364"
20/09/2015,"10,308"
21/09/2015,"10,227"
22/09/2015,"10,277"
23/09/2015,"10,453"
24/09/2015,"10,481"
25/09/2015,"10,544"
26/09/2015,"10,517"
27/09/2015,"10,428"
28/09/2015,"10,405"
29/09/2015,"10,474"
30/09/2015,"10,506"
01/10/2015,"10,534"
02/10/2015,"10,510"
03/10/2015,"10,574"
04/10/2015,"10,521"
05/10/2015,"10,467"
06/10/2015,"10,433"
07/10/2015,"10,549"
08/10/2015,"10,430"
09/10/2015,"10,373"
10/10/2015,"10,383"
11/10/2015,"10,276"
12/10/2015,"10,224"
13/10/2015,"10,176"
14/10/2015,"10,303"
15/10/2015,"10,487"
16/10/2015,"10,508"
17/10/2015,"10,526"
18/10/2015,"10,536"
19/10/2015,"10,428"
20/10/2015,"10,432"
21/10/2015,"10,501"
22/10/2015,"10,639"
23/10/2015,"10,619"
24/10/2015,"10,610"
25/10/2015,"10,599"
26/10/2015,"10,589"
27/10/2015,"10,574"
28/10/2015,"10,537"
29/10/2015,"10,616"
30/10/2015,"10,686"
31/10/2015,"10,671"
01/11/2015,"10,601"
02/11/2015,"10,585"
03/11/2015,"10,579"
04/11/2015,"10,498"
05/11/2015,"10,490"
06/11/2015,"10,442"
07/11/2015,"10,454"
08/11/2015,"10,444"
09/11/2015,"10,424"
10/11/2015,"10,432"
11/11/2015,"10,391"
12/11/2015,"10,368"
13/11/2015,"10,322"
14/11/2015,"10,418"
15/11/2015,"10,480"
16/11/2015,"10,432"
17/11/2015,"10,427"
18/11/2015,"10,499"
19/11/2015,"10,424"
20/11/2015,"10,381"
21/11/2015,"10,445"
22/11/2015,"10,407"
23/11/2015,"10,365"
24/11/2015,"10,450"
25/11/2015,"10,588"
26/11/2015,"10,476"
27/11/2015,"10,455"
28/11/2015,"10,554"
29/11/2015,"10,525"
30/11/2015,"10,514"
01/12/2015,"10,567"
02/12/2015,"10,504"
03/12/2015,"10,483"
04/12/2015,"10,427"
05/12/2015,"10,406"
06/12/2015,"10,410"
07/12/2015,"10,472"
08/12/2015,"10,495"
09/12/2015,"10,533"
10/12/2015,"10,542"
11/12/2015,"10,493"
12/12/2015,"10,464"
13/12/2015,"10,467"
14/12/2015,"10,492"
15/12/2015,"10,495"
16/12/2015,"10,577"
17/12/2015,"10,545"
18/12/2015,"10,569"
19/12/2015,"10,618"
20/12/2015,"10,588"
21/12/2015,"10,599"
22/12/2015,"10,534"
23/12/2015,"10,563"
24/12/2015,"10,552"
25/12/2015,"10,710"
26/12/2015,"10,569"
27/12/2015,"10,600"
28/12/2015,"10,616"
29/12/2015,"10,564"
30/12/2015,"10,708"
31/12/2015,"10,752"
01/01/2016,"10,783"
02/01/2016,"10,832"
03/01/2016,"10,781"
04/01/2016,"10,790"
05/01/2016,"10,657"
06/01/2016,"10,690"
07/01/2016,"10,667"
08/01/2016,"10,632"
09/01/2016,"10,640"
10/01/2016,"10,622"
11/01/2016,"10,558"
12/01/2016,"10,586"
13/01/2016,"10,629"
14/01/2016,"10,613"
15/01/2016,"10,870"
16/01/2016,"10,886"
17/01/2016,"10,857"
18/01/2016,"10,846"
19/01/2016,"10,832"
20/01/2016,"10,910"
21/01/2016,"10,840"
22/01/2016,"10,776"
23/01/2016,"10,719"
24/01/2016,"10,715"
25/01/2016,"10,673"
26/01/2016,"10,660"
27/01/2016,"10,720"
28/01/2016,"10,656"
29/01/2016,"10,599"
30/01/2016,"10,600"
31/01/2016,"10,628"
01/02/2016,"10,614"
02/02/2016,"10,636"
03/02/2016,"10,652"
04/02/2016,"10,650"
05/02/2016,"10,640"
06/02/2016,"10,662"
07/02/2016,"10,617"
08/02/2016,"10,617"
09/02/2016,"10,570"
10/02/2016,"10,571"
11/02/2016,"10,622"
12/02/2016,"10,651"
13/02/2016,"10,672"
14/02/2016,"10,673"
15/02/2016,"10,640"
16/02/2016,"10,582"
17/02/2016,"10,625"
18/02/2016,"10,688"
19/02/2016,"10,718"
20/02/2016,"10,768"
21/02/2016,"10,764"
22/02/2016,"10,710"
23/02/2016,"10,619"
24/02/2016,"10,590"
25/02/2016,"10,675"
26/02/2016,"10,644"
27/02/2016,"10,671"
28/02/2016,"10,672"
29/02/2016,"10,658"
01/03/2016,"10,606"
02/03/2016,"10,571"
03/03/2016,"10,650"
04/03/2016,"10,660"
05/03/2016,"10,622"
06/03/2016,"10,630"
07/03/2016,"10,593"
08/03/2016,"10,465"
09/03/2016,"10,629"
10/03/2016,"10,667"
11/03/2016,"10,704"
12/03/2016,"10,754"
13/03/2016,"10,698"
14/03/2016,"10,659"
15/03/2016,"10,713"
16/03/2016,"10,762"
17/03/2016,"10,743"
18/03/2016,"10,760"
19/03/2016,"10,727"
20/03/2016,"10,736"
21/03/2016,"10,731"
22/03/2016,"10,692"
23/03/2016,"10,681"
24/03/2016,"10,649"
25/03/2016,"10,693"
26/03/2016,"10,563"
27/03/2016,"10,695"
28/03/2016,"10,720"
29/03/2016,"10,677"
30/03/2016,"10,634"
31/03/2016,"10,563"
01/04/2016,"10,575"
02/04/2016,"10,464"
03/04/2016,"10,457"
04/04/2016,"10,407"
05/04/2016,"10,402"
06/04/2016,"10,548"
07/04/2016,"10,663"
08/04/2016,"10,697"
09/04/2016,"10,817"
10/04/2016,"10,793"
11/04/2016,"10,792"
12/04/2016,"10,848"
13/04/2016,"10,949"
14/04/2016,"10,961"
15/04/2016,"10,951"
16/04/2016,"10,988"
17/04/2016,"11,058"
18/04/2016,"10,950"
19/04/2016,"11,077"
20/04/2016,"11,072"
21/04/2016,"11,076"
22/04/2016,"11,116"
23/04/2016,"11,216"
24/04/2016,"11,304"
25/04/2016,"11,266"
26/04/2016,"11,321"
27/04/2016,"11,389"
28/04/2016,"11,355"
29/04/2016,"11,351"
30/04/2016,"11,378"
01/05/2016,"11,342"
02/05/2016,"11,248"
03/05/2016,"11,120"
04/05/2016,"11,018"
05/05/2016,"11,142"
06/05/2016,"11,080"
07/05/2016,"11,088"
08/05/2016,"11,006"
09/05/2016,"10,876"
10/05/2016,"10,943"
11/05/2016,"10,886"
12/05/2016,"10,866"
13/05/2016,"10,792"
14/05/2016,"10,866"
15/05/2016,"10,760"
16/05/2016,"10,681"
17/05/2016,"10,745"
18/05/2016,"10,751"
19/05/2016,"10,834"
20/05/2016,"10,813"
21/05/2016,"10,799"
22/05/2016,"10,686"
23/05/2016,"10,568"
24/05/2016,"10,732"
25/05/2016,"10,632"
26/05/2016,"10,838"
27/05/2016,"10,755"
28/05/2016,"10,825"
29/05/2016,"10,726"
30/05/2016,"10,659"
31/05/2016,"10,613"
01/06/2016,"10,689"
02/06/2016,"10,624"
03/06/2016,"10,638"
04/06/2016,"10,808"
05/06/2016,"10,722"
06/06/2016,"10,616"
07/06/2016,"10,628"
08/06/2016,"10,709"
09/06/2016,"10,700"
10/06/2016,"10,721"
11/06/2016,"10,781"
12/06/2016,"10,827"
13/06/2016,"10,786"
14/06/2016,"10,732"
15/06/2016,"10,565"
16/06/2016,"10,581"
17/06/2016,"10,671"
18/06/2016,"10,719"
19/06/2016,"10,745"
20/06/2016,"10,700"
21/06/2016,"10,679"
22/06/2016,"10,622"
23/06/2016,"10,646"
24/06/2016,"10,749"
25/06/2016,"10,807"
26/06/2016,"10,721"
27/06/2016,"10,655"
28/06/2016,"10,615"
29/06/2016,"10,570"
30/06/2016,"10,610"
01/07/2016,"10,397"
02/07/2016,"10,486"
03/07/2016,"10,564"
04/07/2016,"10,446"
05/07/2016,"10,431"
06/07/2016,"10,516"
07/07/2016,"10,307"
08/07/2016,"10,064"
09/07/2016,"10,026"
10/07/2016,"9,933"
11/07/2016,"9,935"
12/07/2016,"9,833"
13/07/2016,"9,660"
14/07/2016,"9,719"
15/07/2016,"9,744"
16/07/2016,"9,771"
17/07/2016,"9,656"
18/07/2016,"9,961"
19/07/2016,"9,590"
20/07/2016,"9,902"
21/07/2016,"9,960"
22/07/2016,"9,973"
23/07/2016,"9,984"
24/07/2016,"9,890"
25/07/2016,"9,751"
26/07/2016,"9,761"
27/07/2016,"9,967"
28/07/2016,"9,985"
29/07/2016,"10,286"
30/07/2016,"10,232"
31/07/2016,"10,288"
01/08/2016,"10,265"
02/08/2016,"10,371"
03/08/2016,"10,386"
04/08/2016,"10,321"
05/08/2016,"10,481"
06/08/2016,"10,379"
07/08/2016,"10,253"
08/08/2016,"10,115"
09/08/2016,"10,100"
10/08/2016,"10,199"
11/08/2016,"10,228"
12/08/2016,"10,023"
13/08/2016,"9,940"
14/08/2016,"9,948"
15/08/2016,"9,915"
16/08/2016,"9,946"
17/08/2016,"10,021"
18/08/2016,"10,126"
19/08/2016,"10,220"
20/08/2016,"10,362"
21/08/2016,"10,420"
22/08/2016,"10,323"
23/08/2016,"10,107"
24/08/2016,"10,286"
25/08/2016,"10,152"
26/08/2016,"10,237"
27/08/2016,"10,209"
28/08/2016,"10,225"
29/08/2016,"10,231"
30/08/2016,"10,154"
31/08/2016,"10,145"
01/09/2016,"10,219"
02/09/2016,"10,364"
03/09/2016,"10,412"
04/09/2016,"10,434"
05/09/2016,"10,360"
06/09/2016,"10,241"
07/09/2016,"10,255"
08/09/2016,"10,060"
09/09/2016,"10,117"
10/09/2016,"10,105"
11/09/2016,"10,192"
12/09/2016,"10,072"
13/09/2016,"10,231"
14/09/2016,"10,154"
15/09/2016,"10,079"
16/09/2016,"10,192"
17/09/2016,"10,393"
18/09/2016,"10,409"
19/09/2016,"10,370"
20/09/2016,"10,312"
21/09/2016,"10,266"
22/09/2016,"10,239"
23/09/2016,"10,362"
24/09/2016,"10,371"
25/09/2016,"10,322"
26/09/2016,"10,324"
27/09/2016,"10,379"
28/09/2016,"10,368"
29/09/2016,"10,393"
30/09/2016,"10,335"
01/10/2016,"10,381"
02/10/2016,"10,420"
03/10/2016,"10,313"
04/10/2016,"10,368"
05/10/2016,"10,343"
06/10/2016,"10,343"
07/10/2016,"10,305"
08/10/2016,"10,393"
09/10/2016,"10,413"
10/10/2016,"10,349"
11/10/2016,"10,345"
12/10/2016,"10,348"
13/10/2016,"10,431"
14/10/2016,"10,401"
15/10/2016,"10,422"
16/10/2016,"10,418"
17/10/2016,"10,374"
18/10/2016,"10,474"
19/10/2016,"9,873"
20/10/2016,"9,724"
21/10/2016,"9,881"
22/10/2016,"9,848"
23/10/2016,"9,834"
24/10/2016,"9,829"
25/10/2016,"9,819"
26/10/2016,"9,684"
27/10/2016,"9,601"
28/10/2016,"9,651"
29/10/2016,"9,746"
30/10/2016,"9,769"
31/10/2016,"9,765"
01/11/2016,"9,958"
02/11/2016,"9,921"
03/11/2016,"9,933"
04/11/2016,"9,892"
05/11/2016,"9,985"
06/11/2016,"9,958"
07/11/2016,"9,907"
08/11/2016,"10,033"
09/11/2016,"10,003"
10/11/2016,"10,014"
11/11/2016,"10,074"
12/11/2016,"10,105"
13/11/2016,"10,099"
14/11/2016,"10,025"
15/11/2016,"10,081"
16/11/2016,"10,077"
17/11/2016,"10,032"
18/11/2016,"10,052"
19/11/2016,"10,125"
20/11/2016,"10,119"
21/11/2016,"10,111"
22/11/2016,"10,231"
23/11/2016,"10,242"
24/11/2016,"10,261"
25/11/2016,"10,325"
26/11/2016,"10,407"
27/11/2016,"10,410"
28/11/2016,"10,320"
29/11/2016,"10,347"
30/11/2016,"10,513"
01/12/2016,"10,523"
02/12/2016,"10,597"
03/12/2016,"10,663"
04/12/2016,"10,568"
05/12/2016,"10,516"
06/12/2016,"10,488"
07/12/2016,"10,555"
08/12/2016,"10,618"
09/12/2016,"10,674"
10/12/2016,"10,737"
11/12/2016,"10,777"
12/12/2016,"10,708"
13/12/2016,"10,732"
14/12/2016,"10,724"
15/12/2016,"10,770"
16/12/2016,"10,828"
17/12/2016,"10,920"
18/12/2016,"10,881"
19/12/2016,"10,829"
20/12/2016,"10,899"
21/12/2016,"10,951"
22/12/2016,"10,971"
23/12/2016,"11,058"
24/12/2016,"11,223"
25/12/2016,"11,093"
26/12/2016,"11,045"
27/12/2016,"11,028"
28/12/2016,"10,992"
29/12/2016,"11,167"
30/12/2016,"11,277"
31/12/2016,"11,369"
01/01/2017,"11,362"
02/01/2017,"11,350"
03/01/2017,"11,248"
04/01/2017,"11,193"
05/01/2017,"11,160"
06/01/2017,"11,190"
07/01/2017,"11,250"
08/01/2017,"11,176"
09/01/2017,"11,042"
10/01/2017,"11,032"
11/01/2017,"11,106"
12/01/2017,"11,096"
13/01/2017,"11,160"
14/01/2017,"11,279"
15/01/2017,"11,274"
16/01/2017,"11,255"
17/01/2017,"11,232"
18/01/2017,"11,220"
19/01/2017,"11,176"
20/01/2017,"11,140"
21/01/2017,"11,120"
22/01/2017,"11,105"
23/01/2017,"11,043"
24/01/2017,"11,064"
25/01/2017,"11,169"
26/01/2017,"11,213"
27/01/2017,"11,303"
28/01/2017,"11,257"
29/01/2017,"11,203"
30/01/2017,"11,203"
31/01/2017,"11,084"
01/02/2017,"11,219"
02/02/2017,"11,273"
03/02/2017,"11,270"
04/02/2017,"11,284"
05/02/2017,"11,229"
06/02/2017,"11,164"
07/02/2017,"11,214"
08/02/2017,"11,138"
09/02/2017,"11,095"
10/02/2017,"11,155"
11/02/2017,"11,248"
12/02/2017,"11,241"
13/02/2017,"11,181"
14/02/2017,"11,027"
15/02/2017,"11,110"
16/02/2017,"11,143"
17/02/2017,"11,063"
18/02/2017,"11,135"
19/02/2017,"11,093"
20/02/2017,"11,021"
21/02/2017,"11,063"
22/02/2017,"11,138"
23/02/2017,"11,200"
24/02/2017,"11,140"
25/02/2017,"11,166"
26/02/2017,"11,165"
27/02/2017,"11,092"
28/02/2017,"11,093"
01/03/2017,"11,213"
02/03/2017,"11,183"
03/03/2017,"11,185"
04/03/2017,"11,178"
05/03/2017,"11,147"
06/03/2017,"11,139"
07/03/2017,"11,189"
08/03/2017,"11,227"
09/03/2017,"11,224"
10/03/2017,"11,095"
11/03/2017,"11,151"
12/03/2017,"11,121"
13/03/2017,"11,131"
14/03/2017,"11,155"
15/03/2017,"11,128"
16/03/2017,"11,126"
17/03/2017,"11,149"
18/03/2017,"11,219"
19/03/2017,"11,245"
20/03/2017,"11,228"
21/03/2017,"11,190"
22/03/2017,"11,214"
23/03/2017,"11,161"
24/03/2017,"11,132"
25/03/2017,"11,197"
26/03/2017,"11,119"
27/03/2017,"11,061"
28/03/2017,"11,071"
29/03/2017,"11,131"
30/03/2017,"11,201"
31/03/2017,"11,255"
01/04/2017,"11,180"
02/04/2017,"11,071"
03/04/2017,"11,007"
04/04/2017,"11,099"
05/04/2017,"11,180"
06/04/2017,"11,160"
07/04/2017,"11,022"
08/04/2017,"11,149"
09/04/2017,"11,078"
10/04/2017,"10,975"
11/04/2017,"11,069"
12/04/2017,"11,090"
13/04/2017,"11,080"
14/04/2017,"11,096"
15/04/2017,"11,144"
16/04/2017,"11,118"
17/04/2017,"11,084"
18/04/2017,"11,086"
19/04/2017,"11,060"
20/04/2017,"11,026"
21/04/2017,"11,039"
22/04/2017,"11,073"
23/04/2017,"11,009"
24/04/2017,"10,960"
25/04/2017,"11,040"
26/04/2017,"11,071"
27/04/2017,"11,162"
28/04/2017,"11,221"
29/04/2017,"11,232"
30/04/2017,"11,048"
01/05/2017,"10,999"
02/05/2017,"11,020"
03/05/2017,"11,046"
04/05/2017,"11,046"
05/05/2017,"11,058"
06/05/2017,"11,060"
07/05/2017,"11,012"
08/05/2017,"10,938"
09/05/2017,"10,992"
10/05/2017,"11,015"
11/05/2017,"10,979"
12/05/2017,"10,974"
13/05/2017,"11,096"
14/05/2017,"11,075"
15/05/2017,"11,011"
16/05/2017,"11,084"
17/05/2017,"11,097"
18/05/2017,"11,096"
19/05/2017,"11,144"
20/05/2017,"11,145"
21/05/2017,"11,063"
22/05/2017,"10,978"
23/05/2017,"10,984"
24/05/2017,"10,930"
25/05/2017,"10,981"
26/05/2017,"10,966"
27/05/2017,"10,969"
28/05/2017,"10,896"
29/05/2017,"10,922"
30/05/2017,"10,915"
31/05/2017,"10,870"
01/06/2017,"10,891"
02/06/2017,"10,876"
03/06/2017,"10,856"
04/06/2017,"10,764"
05/06/2017,"10,785"
06/06/2017,"10,860"
07/06/2017,"10,969"
08/06/2017,"11,088"
09/06/2017,"11,170"
10/06/2017,"11,178"
11/06/2017,"11,091"
12/06/2017,"11,055"
13/06/2017,"11,126"
14/06/2017,"11,057"
15/06/2017,"11,041"
16/06/2017,"11,121"
17/06/2017,"11,181"
18/06/2017,"11,109"
19/06/2017,"11,021"
20/06/2017,"10,992"
21/06/2017,"11,030"
22/06/2017,"11,055"
23/06/2017,"11,155"
24/06/2017,"11,129"
25/06/2017,"11,067"
26/06/2017,"11,024"
27/06/2017,"11,017"
28/06/2017,"11,122"
29/06/2017,"11,095"
30/06/2017,"11,128"
01/07/2017,"11,168"
02/07/2017,"11,060"
03/07/2017,"10,912"
04/07/2017,"10,928"
05/07/2017,"10,946"
06/07/2017,"10,976"
07/07/2017,"10,964"
08/07/2017,"10,945"
09/07/2017,"10,879"
10/07/2017,"10,823"
11/07/2017,"10,798"
12/07/2017,"10,672"
13/07/2017,"10,362"
14/07/2017,"10,292"
15/07/2017,"10,389"
16/07/2017,"10,384"
17/07/2017,"10,322"
18/07/2017,"10,269"
19/07/2017,"10,206"
20/07/2017,"10,218"
21/07/2017,"10,230"
22/07/2017,"10,258"
23/07/2017,"10,256"
24/07/2017,"10,209"
25/07/2017,"10,220"
26/07/2017,"10,213"
27/07/2017,"10,253"
28/07/2017,"10,319"
29/07/2017,"10,353"
30/07/2017,"9,957"
31/07/2017,"9,844"
01/08/2017,"9,478"
02/08/2017,"9,446"
03/08/2017,"9,558"
04/08/2017,"9,638"
05/08/2017,"9,674"
06/08/2017,"9,703"
07/08/2017,"9,613"
08/08/2017,"9,578"
09/08/2017,"9,619"
10/08/2017,"9,742"
11/08/2017,"9,714"
12/08/2017,"9,764"
13/08/2017,"9,698"
14/08/2017,"9,478"
15/08/2017,"9,427"
16/08/2017,"9,454"
17/08/2017,"9,568"
18/08/2017,"9,601"
19/08/2017,"9,600"
20/08/2017,"9,567"
21/08/2017,"9,527"
22/08/2017,"9,576"
23/08/2017,"9,607"
24/08/2017,"9,644"
25/08/2017,"9,744"
26/08/2017,"9,794"
27/08/2017,"9,719"
28/08/2017,"9,530"
29/08/2017,"9,515"
30/08/2017,"9,670"
31/08/2017,"9,905"
01/09/2017,"9,990"
02/09/2017,"9,974"
03/09/2017,"9,909"
04/09/2017,"9,911"
05/09/2017,"9,914"
06/09/2017,"9,959"
07/09/2017,"10,028"
08/09/2017,"10,026"
09/09/2017,"9,996"
10/09/2017,"9,974"
11/09/2017,"9,939"
12/09/2017,"9,907"
13/09/2017,"9,815"
14/09/2017,"9,832"
15/09/2017,"10,036"
16/09/2017,"10,256"
17/09/2017,"10,221"
18/09/2017,"10,194"
19/09/2017,"10,206"
20/09/2017,"7,718"
21/09/2017,"10,194"
22/09/2017,"10,281"
23/09/2017,"10,351"
24/09/2017,"10,271"
25/09/2017,"10,208"
26/09/2017,"10,265"
27/09/2017,"10,319"
28/09/2017,"10,278"
29/09/2017,"10,267"
30/09/2017,"10,311"
01/10/2017,"10,266"
02/10/2017,"10,201"
03/10/2017,"10,246"
04/10/2017,"10,226"
05/10/2017,"10,298"
06/10/2017,"10,328"
07/10/2017,"10,378"
08/10/2017,"10,332"
09/10/2017,"10,261"
10/10/2017,"10,290"
11/10/2017,"10,320"
12/10/2017,"10,282"
13/10/2017,"10,275"
14/10/2017,"10,296"
15/10/2017,"10,192"
16/10/2017,"10,146"
17/10/2017,"10,186"
18/10/2017,"10,254"
19/10/2017,"10,327"
20/10/2017,"10,306"
21/10/2017,"10,326"
22/10/2017,"10,324"
23/10/2017,"10,218"
24/10/2017,"10,250"
25/10/2017,"10,231"
26/10/2017,"10,191"
27/10/2017,"10,177"
28/10/2017,"10,218"
29/10/2017,"10,212"
30/10/2017,"10,202"
31/10/2017,"10,330"
01/11/2017,"10,359"
02/11/2017,"10,416"
03/11/2017,"10,436"
04/11/2017,"10,522"
05/11/2017,"10,561"
06/11/2017,"10,495"
07/11/2017,"10,503"
08/11/2017,"10,510"
09/11/2017,"9,937"
10/11/2017,"10,503"
11/11/2017,"10,619"
12/11/2017,"10,567"
13/11/2017,"10,529"
14/11/2017,"10,529"
15/11/2017,"10,537"
16/11/2017,"10,587"
17/11/2017,"10,616"
18/11/2017,"10,677"
19/11/2017,"10,131"
20/11/2017,"10,690"
21/11/2017,"10,723"
22/11/2017,"10,714"
23/11/2017,"10,702"
24/11/2017,"10,678"
25/11/2017,"10,719"
26/11/2017,"10,710"
27/11/2017,"10,685"
28/11/2017,"10,673"
29/11/2017,"10,712"
30/11/2017,"10,804"
01/12/2017,"10,865"
02/12/2017,"10,978"
03/12/2017,"10,976"
04/12/2017,"10,934"
05/12/2017,"10,879"
06/12/2017,"10,860"
07/12/2017,"10,876"
08/12/2017,"10,854"
09/12/2017,"10,952"
10/12/2017,"10,929"
11/12/2017,"10,834"
12/12/2017,"10,850"
13/12/2017,"10,811"
14/12/2017,"10,800"
15/12/2017,"10,820"
16/12/2017,"10,915"
17/12/2017,"10,902"
18/12/2017,"10,884"
19/12/2017,"10,835"
20/12/2017,"10,811"
21/12/2017,"10,819"
22/12/2017,"10,899"
23/12/2017,"11,018"
24/12/2017,"10,948"
25/12/2017,"10,859"
26/12/2017,"10,853"
27/12/2017,"10,993"
28/12/2017,"11,092"
29/12/2017,"11,171"
30/12/2017,"11,188"
31/12/2017,"11,144"
01/01/2018,"11,070"
02/01/2018,"11,023"
03/01/2018,"10,957"
04/01/2018,"10,900"
05/01/2018,"10,888"
06/01/2018,"11,019"
07/01/2018,"10,975"
08/01/2018,"10,899"
09/01/2018,"10,889"
10/01/2018,"10,891"
11/01/2018,"10,882"
12/01/2018,"10,922"
13/01/2018,"10,977"
14/01/2018,"10,947"
15/01/2018,"10,897"
16/01/2018,"10,874"
17/01/2018,"10,813"
18/01/2018,"10,799"
19/01/2018,"10,802"
20/01/2018,"10,858"
21/01/2018,"10,885"
22/01/2018,"10,723"
23/01/2018,"10,681"
24/01/2018,"10,685"
25/01/2018,"10,782"
26/01/2018,"10,822"
27/01/2018,"10,892"
28/01/2018,"10,888"
29/01/2018,"10,793"
30/01/2018,"10,712"
31/01/2018,"10,745"
