Site,Borough, Easting,Northing,GridRef,Lat,Lon
Aston Street,Tower Hamlets,536193,181518,TQ3619381518,51.516175,-0.038594438
Imperial Wharf Station,H&F,526277.28,176643.98,TQ2627776643,51.474665,-0.18316517
Riverlight North,Wandsworth,529524.18,177582.33,TQ2952477582,51.48237,-0.13609482
Putney Pier,Wandsworth,524000.88,175710.09,TQ2400075710,51.466783,-0.21626086
Wansey Street,Southwark,532160.27,178627.35,TQ3216078627,51.491152,-0.097764812
Boston Place,Westminster,527589.2,182009.84,TQ2758982009,51.522594,-0.16234582
Clapham Common Northside,Wandsworth,527969.71,175203.37,TQ2796975203,51.461344,-0.15933685
Binfield Road,Lambeth,530472.99,176508.88,TQ3047276508,51.472501,-0.12284667
Abyssinia Close ,Wandsworth,527435.68,175080.19,TQ2743575080,51.460359,-0.16706358
Limburg Road,Wandsworth,527553.3,175257,TQ2755375257,51.461923,-0.16530221
Page Street,Westminster,530084.91,178888.12,TQ3008478888,51.493978,-0.12755402
Rifle Place,K&C,523901.73,180429.7,TQ2390180429,51.509215,-0.21603078
Tallis Street ,City,531432.6,180916.5,TQ3143280916,51.511892,-0.10739269
Woodstock Grove,H&F,523819.67,179850.86,TQ2381979850,51.504029,-0.21741484
Sandilands Road,H&F,525680.13,176511.24,TQ2568076511,51.473611,-0.1918035
Little Brook Green,H&F,523391.86,179020.38,TQ2339179020,51.496664,-0.22386827
Hurlingham Park,H&F,524904.41,176127.16,TQ2490476127,51.470332,-0.20310631
Seymour Place,Westminster,527504.35,181755.31,TQ2750481755,51.520331,-0.16366214
Gwendwr Road,H&F,524429.82,178417.23,TQ2442978417,51.491017,-0.20913546
Ram Street,Wandsworth,525698.89,174722.25,TQ2569874722,51.45753,-0.19218
Storey's Gate,Westminster,529915.96,179632.33,TQ2991579632,51.500703,-0.12971336
Ranelagh Gardens,H&F,524653.35,175817.28,TQ2465375817,51.467601,-0.20682737
St. John's Road,Wandsworth,527343.52,175304.13,TQ2734375304,51.462393,-0.16830653
Santos Road,Wandsworth,525099.77,174654.9,TQ2509974654,51.457051,-0.20082104
Hurlingham Park,H&F,524904.41,176127.16,TQ2490476127,51.470332,-0.20310631
Broadley Terrace,Westminster,527352.69,182221.62,TQ2735282221,51.524553,-0.16568345
Mile End Park Leisure Centre,Tower Hamlets,536597.68,182021.11,TQ3659782021,51.520597,-0.032580937
Doddington Grove,Southwark,531808.81,178148.44,TQ3180878148,51.486929,-0.10301069
Humbolt Road,H&F,524261.35,177545.39,TQ2426177545,51.483217,-0.21186064
Rossmore Road,Westminster,527481.21,182304.03,TQ2748182304,51.52527,-0.16379501
Prince of Wales Drive,Wandsworth,527941.72,176738.57,TQ2794176738,51.475145,-0.15918455
Grenfell Road,K&C,523978.97,180841.17,TQ2397880841,51.512901,-0.21477709
Duke Street Hill,Southwark,532844.56,180330.78,TQ3284480330,51.506296,-0.087277772
Simpson Street,Wandsworth,527152.88,176240.24,TQ2715276240,51.470847,-0.17071806
Hammersmith Town Hall,H&F,522692.17,178554.81,TQ2269278554,51.492628,-0.2340945
Crisp Road,H&F,523223.78,178064.49,TQ2322378064,51.488109,-0.22662061
Culvert Road,Wandsworth,528044.92,176289.63,TQ2804476289,51.471087,-0.15786485
Manfred Road,Wandsworth,524735.87,174769.28,TQ2473574769,51.458165,-0.20601687
Newton Street,Camden,530481.91,181362.89,TQ3048181362,51.51612,-0.12092418
Ormonde Gate,K&C,527725.63,178159.05,TQ2772578159,51.487964,-0.16177957
Park Lane,Westminster,528436.72,180119.72,TQ2843680119,51.505418,-0.15083208
Haggerston Road,Hackney,533649.41,184027.35,TQ3364984027,51.539329,-0.074284675
Hertford Road,Hackney,533313.86,183790.37,TQ3331383790,51.537278,-0.079216258
All Saints Church,K&C,524813.41,181241.63,TQ2481381241,51.516312,-0.20260897
Hortensia Road,K&C,526110.69,177429.13,TQ2611077429,51.481766,-0.18528812
Upcerne Road,K&C,526317.5,177033.59,TQ2631777033,51.478161,-0.18245022
Blenheim Crescent,K&C,524402.58,181096.88,TQ2440281096,51.515099,-0.20858024
Sirdar Road,K&C,523996.23,180622.38,TQ2399680622,51.510929,-0.21459478
Freston Road,K&C,523650.98,180841.97,TQ2365080841,51.512973,-0.21950136
South Lambeth Road,Lambeth,530321.19,177533.14,TQ3032177533,51.481747,-0.12464175
Imperial Road,H&F,525990.27,176689.44,TQ2599076689,51.475142,-0.18727899
Ingrave Street,Wandsworth,527052.18,175859.98,TQ2705275859,51.467446,-0.17229386
Queensdale Road,H&F,523902.64,180136.72,TQ2390280136,51.506582,-0.21611923
Lots Road,K&C,526550.06,177195.93,TQ2655077195,51.479565,-0.1790389
Fulham Broadway,H&F,525501.57,177209.6,TQ2550177209,51.479924,-0.1941317
Finnis Street,Tower Hamlets,534778.32,182415.89,TQ3477882415,51.524575,-0.058631835
Cadogan Close,Tower Hamlets,536785.27,184420.82,TQ3678584420,51.54211,-0.028941989
Putney Bridge Road,Wandsworth,524709.2,175195.12,TQ2470975195,51.461999,-0.2062408
Oxford Road,Wandsworth,524270.42,175049.71,TQ2427075049,51.460783,-0.21260804
Hawley Crescent ,Camden,528860.93,184089.92,TQ2886084089,51.540998,-0.14327572
Plough Terrace,Wandsworth,526850.25,175282.22,TQ2685075282,51.462306,-0.1754072
Snowsfields,Southwark,533108.93,179876.31,TQ3310879876,51.502154,-0.083647326
Grant Road East,Wandsworth,527008.27,175574,TQ2700875574,51.464894,-0.17302926
Parsons Green,H&F,525128.73,176409.39,TQ2512876409,51.472817,-0.19978326
Michael Road,H&F,525849.99,176923.05,TQ2584976923,51.477277,-0.18922486
Bridge Avenue,H&F,523038.99,178502.34,TQ2303878502,51.492085,-0.22913126
Everington Street,H&F,523951.5,177553.45,TQ2395177553,51.483357,-0.21631994
Stephendale Road,H&F,525795.59,175914.26,TQ2579575914,51.468221,-0.19036088
St. Peter’s Terrace,H&F,524506.62,177075.08,TQ2450677075,51.47894,-0.20849969
Wendon Street,Tower Hamlets,536989.09,183749.52,TQ3698983749,51.53603,-0.026263065
Mile End Stadium,Tower Hamlets,536442.42,181788.26,TQ3644281788,51.518541,-0.034903714
Alfreda Street,Wandsworth,528515.79,176742.07,TQ2851576742,51.475051,-0.15092276
Chesilton Road,H&F,524697.19,176719.37,TQ2469776719,51.475698,-0.20587627
Dunston Road,Hackney,533545.94,183719.13,TQ3354583719,51.536585,-0.075900096
Ada Street,Hackney,534630.46,183650.76,TQ3463083650,51.535708,-0.060292195
Victoria Park Road,Hackney,535053.27,183741.44,TQ3505383741,51.536425,-0.054162264
Alma Road,Wandsworth,526208.73,174785.63,TQ2620874785,51.457982,-0.1848209
Star Road,H&F,524706.51,178004.32,TQ2470678004,51.487245,-0.20529345
Bouverie Street,City,531388.33,181129.55,TQ3138881129,51.513816,-0.10794707
Montserrat Road,Wandsworth,524058.96,175313.63,TQ2405875313,51.463203,-0.2155655
Thessaly Road North,Wandsworth,529354.31,177015.8,TQ2935477015,51.477314,-0.13874909
Barons Court Station,H&F,524017.98,178317.93,TQ2401778317,51.490209,-0.21510184
Kennington Cross,Lambeth,531216.55,178356.36,TQ3121678356,51.488936,-0.11145482
Aylward Street,Tower Hamlets,535468.35,181437.94,TQ3546881437,51.515621,-0.049067627
Stainsby Road,Tower Hamlets,537238.2,181462.74,TQ3723881462,51.515419,-0.023565399
Albert Bridge Road,Wandsworth,527653.7,176646.79,TQ2765376646,51.474383,-0.16336235
Stewart's Road,Wandsworth,529471.27,176550.58,TQ2947176550,51.473108,-0.13723554
Mexfield Road,Wandsworth,524962.07,174625.24,TQ2496274625,51.456821,-0.2028021
Durant Street,Tower Hamlets,534286.01,182858.77,TQ3428682858,51.528673,-0.065550702
St. Bride Street,City,531565,181271.94,TQ3156581271,51.515051,-0.10534485
Esmond Street,Wandsworth,524345.4,175220.69,TQ2434575220,51.462304,-0.21146895
Upper Richmond Road,Wandsworth,524304.9,174930.54,TQ2430474930,51.459707,-0.21216068
Charlotte Terrace,Islington,530992.23,183630.54,TQ3099283630,51.536383,-0.11272144
Disraeli Road,Wandsworth,524022.15,175134.54,TQ2402275134,51.461602,-0.21614618
Shoreditch Court,Hackney,533924.03,184006.87,TQ3392484006,51.539075,-0.0703298
Belford House,Hackney,533938.11,183737.03,TQ3393883737,51.536654,-0.07023031
Carnegie Street,Islington,530753.69,183521.76,TQ3075383521,51.535459,-0.11620583
Islington Green,Islington,531682.69,183647.59,TQ3168283647,51.536376,-0.10277236
Felsham Road,Wandsworth,524049.5,175488.95,TQ2404975488,51.464777,-0.21563364
Erin Close,H&F,525387.94,177155.06,TQ2538777155,51.479464,-0.19579161
Rainville Road,H&F,523427.1,177582.05,TQ2342777582,51.483732,-0.22385226
Charing Cross Hospital,H&F,523823.55,177987.46,TQ2382377987,51.487286,-0.21801032
Vicarage Crescent,Wandsworth,526761.07,176456.07,TQ2676176456,51.472876,-0.17626701
Battersea Church Road,Wandsworth,526882.58,176914.01,TQ2688276914,51.476965,-0.17436146
Dorothy Road,Wandsworth,527651.66,175609.49,TQ2765175609,51.465064,-0.16376533
West Kensington Station,H&F,524645.4,178406.3,TQ2464578406,51.490871,-0.20602974
Stanley Grove,Wandsworth,528444.17,176230.57,TQ2844476230,51.470466,-0.15213045
Ethelburga Estate,Wandsworth,527546.27,176966.96,TQ2754676966,51.477283,-0.16478673
Normand Park,H&F,524747.35,177686.7,TQ2474777686,51.484378,-0.20481549
Richmond Way,H&F,523822.49,179441.42,TQ2382279441,51.500353,-0.21751507
Colet Gardens,H&F,523918,178413.07,TQ2391878413,51.491093,-0.21649338
Putney Rail Station,Wandsworth,523998.14,175035.31,TQ2399875035,51.460717,-0.21652616
Neville Gill Close,Wandsworth,525496.37,174408.43,TQ2549674408,51.454753,-0.1951972
Northfields,Wandsworth,525099.26,175087.68,TQ2509975087,51.460943,-0.20066801
Orbel Street,Wandsworth,527176.53,176651.24,TQ2717676651,51.474536,-0.17022492
Spanish Road,Wandsworth,526478.29,174929.86,TQ2647874929,51.459216,-0.18088532
Beryl Road,H&F,523511.94,178074.75,TQ2351178074,51.488136,-0.22247121
Osiers Road,Wandsworth,525234.12,175060.37,TQ2523475060,51.46067,-0.19873536
Bishop's Avenue,H&F,524088.13,176408.16,TQ2408876408,51.473037,-0.21474981
Maclise Road,H&F,524250.15,179146.3,TQ2425079146,51.497608,-0.21145598
Vereker Road,H&F,524415.96,178257.99,TQ2441578257,51.489582,-0.20939334
Phene Street,K&C,527307.16,177817.12,TQ2730777817,51.484985,-0.16791987
Westbridge Road,Wandsworth,527159.92,177000.76,TQ2715977000,51.477676,-0.17034407
Holden Street,Wandsworth,528024.68,176032.76,TQ2802476032,51.468782,-0.15824565
Hartington Road,Lambeth,530176.61,177098.25,TQ3017677098,51.477871,-0.12688886
Heath Road,Lambeth,528836.87,176039.6,TQ2883676039,51.468661,-0.1465594
Teversham Lane,Lambeth,530433.25,176912.89,TQ3043376912,51.47614,-0.12325887
Ashley Crescent,Wandsworth,528445.32,175864.51,TQ2844575864,51.467177,-0.15224894
Silverthorne Road,Wandsworth,528720.06,176503.57,TQ2872076503,51.472857,-0.14805964
Elysium Place,H&F,524572.75,176202.31,TQ2457276202,51.471079,-0.2078573
Parsons Green Station,H&F,524970.47,176658.01,TQ2497076658,51.47509,-0.20196897
Thorndike Close,K&C,526212.41,177335.2,TQ2621277335,51.480898,-0.18385357
Clarendon Road,K&C,524197.96,180883.25,TQ2419780883,51.51323,-0.21160801
St. Mark's Road,K&C,524030.45,181284.3,TQ2403081284,51.516871,-0.2138724
Usk Road,Wandsworth,526379.77,175401.93,TQ2637975401,51.46348,-0.18214099
Smugglers Way,Wandsworth,525719.73,175117.51,TQ2571975117,51.461075,-0.19173761
Grant Road Central,Wandsworth,526964.82,175549.88,TQ2696475549,51.46468,-0.17367129
Hibbert Street,Wandsworth,526495.67,175592.21,TQ2649575592,51.465171,-0.18040378
Brook Green South,H&F,523956.57,178776.4,TQ2395678776,51.494347,-0.21581896
Ravenscourt Park Station,H&F,522501.57,178726.74,TQ2250178726,51.494215,-0.23678468
Shepherd's Bush Road North,H&F,523487.44,179570.5,TQ2348779570,51.501586,-0.22229373
Evesham Street,K&C,523744.9,180678.48,TQ2374480678,51.511487,-0.21820461
All Saints' Road,K&C,524656.07,181541.47,TQ2465681541,51.519043,-0.20476442
World's End Place,K&C,526457.94,177441.51,TQ2645777441,51.481796,-0.1802894
Austin Road,Wandsworth,528202.6,176659.39,TQ2820276659,51.474376,-0.15545718
Crabtree Lane,H&F,523741.7,177501.59,TQ2374177501,51.482936,-0.21936087
Blythe Road West,H&F,523526.62,179358.97,TQ2352679358,51.499672,-0.2218063
Broomhouse Lane,H&F,525184.59,175920.97,TQ2518475920,51.46841,-0.19915045
Nantes Close,Wandsworth,526476.93,175231.19,TQ2647675231,51.461931,-0.18080617
Olympia Way,H&F,524483.03,178983.83,TQ2448378983,51.496092,-0.20815861
Grant Road West,Wandsworth,526898.97,175513.4,TQ2689875513,51.464371,-0.17463379
Buckingham Gate,Westminster,529384.69,179414.08,TQ2938479414,51.498866,-0.13743897
Great Suffolk Street,Southwark,531953.97,179798.94,TQ3195379798,51.501723,-0.10030718
Ashmole Estate,Lambeth,530803.31,177649.25,TQ3080377649,51.482678,-0.11766157
Falcon Road,Wandsworth,527226.08,175773.15,TQ2722675773,51.466634,-0.16982118
William Morris Way,H&F,526212.81,175990.83,TQ2621275990,51.468811,-0.18433359
Peterborough Road,H&F,525382.43,175994.83,TQ2538275994,51.469031,-0.19627518
South Park,H&F,525579.98,175779.81,TQ2557975779,51.467055,-0.19351682
Morie Street,Wandsworth,525830.04,174994.6,TQ2583074994,51.459945,-0.19018441
Spencer Park,Wandsworth,526912.14,174790.01,TQ2691274790,51.45787,-0.17469162
Battersea Park Road,Wandsworth,529137.84,177253.18,TQ2913777253,51.479502,-0.1417851
Queen's Circus,Wandsworth,528603.04,177029.61,TQ2860377029,51.47761,-0.14955199
Fawcett Close,Wandsworth,526894.53,176046.36,TQ2689476046,51.469162,-0.17450018
Clarence Walk,Lambeth,530189.19,176304.15,TQ3018976304,51.470733,-0.12699407
Archbishop's Park,Lambeth,530769.84,179379.73,TQ3076979379,51.498233,-0.11751063
Courland Grove,Lambeth,529828.27,176537.55,TQ2982876537,51.472909,-0.13210307
Aintree Street,H&F,524397.8,177303.54,TQ2439777303,51.481013,-0.20998824
Irene Road,H&F,525317.94,176518.5,TQ2531776518,51.473755,-0.19702484
Greyhound Road,H&F,524074.86,177857.29,TQ2407477857,51.486062,-0.21444277
Coomer Place,H&F,524941.77,177600.85,TQ2494177600,51.483562,-0.20205343
Eel Brook Common,H&F,525572.04,176802.8,TQ2557276802,51.476251,-0.19325436
Surrey Lane,Wandsworth,527387.13,176727.74,TQ2738776727,51.475171,-0.1671611
Wandsworth Town Station,Wandsworth,526018.57,175101.45,TQ2601875101,51.460865,-0.18744168
Sheepcote Lane,Wandsworth,527686.45,176218.56,TQ2768676218,51.47053,-0.16304197
Bradmead,Wandsworth,528938.73,177100.07,TQ2893877100,51.478172,-0.14470493
Union Grove,Lambeth,529698.26,176543.77,TQ2969876543,51.472993,-0.13397157
Finlay Street,H&F,523997.7,176834.11,TQ2399776834,51.476885,-0.21590999
Danvers Street,K&C,527025.49,177541.45,TQ2702577541,51.482568,-0.17207819
Lansdowne Road,K&C,524634.1,180254.44,TQ2463480254,51.507481,-0.20553591
Princedale Road,K&C,524432.29,180135.94,TQ2443280135,51.506456,-0.20848695
BBC White City,H&F,523209.79,181030.8,TQ2320981030,51.514767,-0.22578723
Sugden Road,Wandsworth,528066.21,175625.63,TQ2806675625,51.465115,-0.15778864
Caldwell Street,Lambeth,530898.2,177113.89,TQ3089877113,51.477839,-0.11649271
"Wandsworth Rd, Ilsley Court",Lambeth,529164.05,176114.05,TQ2916476114,51.46926,-0.14181251
Fulham Park Road,H&F,524568.44,176468.32,TQ2456876468,51.473471,-0.20782118
Putney Bridge Station,H&F,524409.92,175945.55,TQ2440975945,51.468805,-0.21029325
Hammersmith Road,H&F,523679.21,178649.13,TQ2367978649,51.493267,-0.2198515
Southerton Road,H&F,523097.84,178772.43,TQ2309778772,51.494499,-0.22818777
Manbre Road,H&F,523438.05,177806.26,TQ2343877806,51.485743,-0.22361569
Addison Road,K&C,524268.2,179873.55,TQ2426879873,51.504138,-0.21094097
St. Martin's Close,Camden,529195.21,183852.96,TQ2919583852,51.538792,-0.13853478
The Vale,K&C,526817.22,177819.6,TQ2681777819,51.485113,-0.17497226
Westbourne Park Road,K&C,524919.97,181417.28,TQ2491981417,51.51787,-0.2010198
Harcourt Terrace,K&C,525945.9,178114.11,TQ2594578114,51.487959,-0.1874189
Cleveland Way,Tower Hamlets,535291.88,182019.28,TQ3529182019,51.520893,-0.051393694
Queensbridge Road,Hackney,533965.29,183441.08,TQ3396583441,51.533988,-0.069953776
Pitfield Street North,Hackney,533086.43,183589.35,TQ3308683589,51.535525,-0.082563204
Eagle Wharf Road ,Hackney,532346.77,183332.68,TQ3234683332,51.53339,-0.093322642
Ilchester Gardens,Westminster,525629.14,180826.99,TQ2562980826,51.512402,-0.19100296
Mudchute DLR,Tower Hamlets,537936.75,178724.37,TQ3793678724,51.490645,-0.014582266
Greenberry Street,Westminster,527123.89,183112.86,TQ2712383112,51.532612,-0.16866127
Queen Street (Ext),City,532429.23,180870.05,TQ3242980870,51.511246,-0.093051217
Heron Quays DLR,Tower Hamlets,537412.94,180046.68,TQ3741280046,51.502652,-0.02161069
Stonecutter Street (Ext),City,531566.99,181355.5,TQ3156681355,51.515806,-0.10529913
Drayton Gardens,K&C,526506.18,178043.16,TQ2650678043,51.487196,-0.17936867
Abingdon Green,Westminster,530187.15,179296.37,TQ3018779296,51.497621,-0.12592079
Monument Street,City,533009.76,180702.51,TQ3300980702,51.5096,-0.084761573
Kingsway Southbound,Westminster,530706.09,181118.6,TQ3070681118,51.513875,-0.1177738
New Cavendish Street,Westminster,528595,181653.21,TQ2859581653,51.519167,-0.14798341
Limerston Street,K&C,526384.07,177861.7,TQ2638477861,51.485587,-0.18118993
Greenland Road,Camden,528973.59,183881.37,TQ2897383881,51.539103,-0.14172336
Somerset House,Westminster,530729,180681.5,TQ3072980681,51.509943,-0.11760442
Abbotsbury Road,K&C,524619.34,179576.68,TQ2461979576,51.501391,-0.20599125
Upper Bank Street,Tower Hamlets,537683.46,180108.2,TQ3768380108,51.503144,-0.017684554
Aberfeldy Street,Tower Hamlets,538483.97,181285.26,TQ3848381285,51.513525,-0.005703994
Bishop's Bridge Road West,Westminster,525880.8,181238.11,TQ2588081238,51.516048,-0.18724086
Bishop's Bridge Road East,Westminster,526142.11,181356.87,TQ2614281356,51.517051,-0.18342482
Clarges Street,Westminster,528778.2,180340.94,TQ2877880340,51.507326,-0.14582655
Hoxton Street,Hackney,533273.64,182926.71,TQ3327382926,51.529523,-0.080119366
King Edward Street,City,532035.19,181414.69,TQ3203581414,51.516226,-0.09852194
Watney Street,Tower Hamlets,534951.95,180969.05,TQ3495180969,51.511539,-0.056692857
Chrisp Street Market,Tower Hamlets,537893.53,181015.09,TQ3789381015,51.511243,-0.014306535
Northdown Street,Islington,530548.74,183035.5,TQ3054883035,51.531139,-0.11933981
Westfield Library Corner,H&F,523330.13,180073.17,TQ2333080073,51.50614,-0.22437878
Westfield Ariel Way,H&F,523341.4,180409.54,TQ2334180409,51.509158,-0.22410296
Jubilee Plaza,Tower Hamlets,537521.43,180150.48,TQ3752180150,51.50356,-0.020000756
Montgomery Square,Tower Hamlets,537778.75,180143.39,TQ3777880143,51.503435,-0.016303037
South Quay East,Tower Hamlets,537786.52,179980.55,TQ3778679980,51.501968,-0.016251461
Lancaster Gate,Westminster,526433.73,180762.93,TQ2643380762,51.511647,-0.17944603
Old Montague Street,Tower Hamlets,534152.44,181659.08,TQ3415281659,51.51793,-0.067937359
Bury Place,Camden,530314.57,181504.68,TQ3031481504,51.517434,-0.12327711
Lancaster Drive,Tower Hamlets,538324.72,180127.42,TQ3832480127,51.503158,-0.008447703
Hollybush Gardens,Tower Hamlets,534873.27,182755.69,TQ3487382755,51.527607,-0.057133244
Globe Town Market,Tower Hamlets,535530.48,182915.55,TQ3553082915,51.528888,-0.04760666
Alpha Grove,Tower Hamlets,537346.34,179449.93,TQ3734679449,51.497304,-0.022793191
Churchill Place,Tower Hamlets,537904,180289,TQ3790480289,51.504716,-0.014431784
Westfield Eastern Access Road,H&F,523653.55,180415.12,TQ2365380415,51.509143,-0.21960741
Westfield Southern Terrace,H&F,523749.41,180096.17,TQ2374980096,51.506256,-0.21833665
St Mary and St Michael Church,Tower Hamlets,535262.51,181270.6,TQ3526281270,51.51417,-0.052098617
Rectory Square,Tower Hamlets,535854.65,181757.41,TQ3585481757,51.518404,-0.043384958
Hermitage Court,Tower Hamlets,534498.92,180197.88,TQ3449880197,51.50471,-0.063510939
Clarkson Street,Tower Hamlets,534734.49,182872.34,TQ3473482872,51.528692,-0.059091045
Moorfields (Ext),City,532735.3,181747.64,TQ3273581747,51.519055,-0.088314358
Lightermans Road,Tower Hamlets,537518.87,179646.74,TQ3751879646,51.499032,-0.020240246
Old Brompton Road (Ext),K&C,526368.14,178457.12,TQ2636878457,51.490947,-0.1812071
East India DLR,Tower Hamlets,538731.14,180844.08,TQ3873180844,51.509501,-0.002305757
Pitfield Street Central,Hackney,533059.93,183221.96,TQ3305983221,51.532225,-0.083091191
Ladbroke Grove (Central),K&C,524596.35,180714.03,TQ2459680714,51.511624,-0.20592077
Selby Street,Tower Hamlets,534442.92,182109.62,TQ3444282109,51.521905,-0.063588796
Preston's Road,Tower Hamlets,538282.4,179705.29,TQ3828279705,51.499376,-0.009217708
Notting Hill Gate Station (Ext),K&C,525262.07,180478.32,TQ2526280478,51.509356,-0.19641234
Arlington Road,Camden,528726.14,183971.84,TQ2872683971,51.539968,-0.14524998
New Fetter Lane,City,531374.45,181529.56,TQ3137481529,51.517414,-0.10799976
Harford Street,Tower Hamlets,536129.28,182129.61,TQ3612982129,51.521681,-0.039280415
Pennington Street,Tower Hamlets,534383.92,180632.28,TQ3438380632,51.508646,-0.065001264
East Ferry Road,Tower Hamlets,537939.06,179151.95,TQ3793979151,51.494482,-0.014372353
Pritchard's Road,Tower Hamlets,534564.01,183243.62,TQ3456483243,51.532066,-0.0613986
Ackroyd Drive,Tower Hamlets,537005.33,182015.62,TQ3700582015,51.520445,-0.026706392
Teviot Street,Tower Hamlets,538051.07,181854.66,TQ3805181854,51.518744,-0.01170288
Naval Row,Tower Hamlets,538409.54,180777.92,TQ3840980777,51.508978,-0.006968968
Watney Market,Tower Hamlets,535013.3,181268.63,TQ3501381268,51.514211,-0.055685558
Westminster Bridge Road,Southwark,531433.63,179413.87,TQ3143379413,51.498385,-0.10793787
Regent's Row,Hackney,534472.95,183642.21,TQ3447283642,51.535674,-0.062571897
Gaywood Street,Southwark,531698.1,179160.02,TQ3169879160,51.496049,-0.10421681
Portman Square,Westminster,528097.06,181314.97,TQ2809781314,51.516234,-0.15528005
Green Park Station,Westminster,528986.85,180265.81,TQ2898680265,51.506604,-0.14285857
Wren Street,Camden,530775.83,182314.79,TQ3077582314,51.524607,-0.11633659
Kennington Station,Lambeth,531618.98,178352.05,TQ3161878352,51.488807,-0.1056696
Albany Street,Camden,528811.66,182678.29,TQ2881182678,51.528329,-0.1444976
Wellington Row,Tower Hamlets,533993.89,182800.53,TQ3399382800,51.528221,-0.069794
Whiston Road,Hackney,533522.67,183483.56,TQ3352283483,51.53447,-0.076320935
Thurtle Road,Hackney,533829.47,183521.29,TQ3382983521,51.534739,-0.071882981
Gloucester Avenue ,Camden,528600.53,183676.38,TQ2860083676,51.537346,-0.14717346
Percival Street,Islington,531748.78,182509.36,TQ3174882509,51.526134,-0.10224667
South Quay West,Tower Hamlets,537334.81,180033.02,TQ3733480033,51.502554,-0.022738823
Fishermans Walk West,Tower Hamlets,537311.19,180447.01,TQ3731180447,51.50628,-0.022908958
Jubilee Cresent,Tower Hamlets,538413.29,179050.35,TQ3841379050,51.493458,-0.007588362
Jubilee Street,Tower Hamlets,535181.29,181470.98,TQ3518181470,51.515986,-0.053188572
Philpot Street,Tower Hamlets,534813.56,181364.77,TQ3481381364,51.515122,-0.058529347
Millharbour,Tower Hamlets,537581.15,179321.03,TQ3758179321,51.496096,-0.019459829
Salmon Lane,Tower Hamlets,536531.78,181299.65,TQ3653181299,51.514125,-0.03381105
Lansdowne Walk,K&C,524690.16,180494.09,TQ2469080494,51.509626,-0.20464464
Fore Street,City,532626.75,181625.46,TQ3262681625,51.517984,-0.08993028
Driffield Road,Tower Hamlets,536233.12,183513.91,TQ3623383513,51.534093,-0.037247534
Burdett Road,Tower Hamlets,536849.48,181538.19,TQ3684981538,51.516196,-0.029138482
Westferry DLR Station,Tower Hamlets,537086.44,180770.66,TQ3708680770,51.509237,-0.026023411
Stepney Green Station,Tower Hamlets,535610.48,182132.8,TQ3561082132,51.521832,-0.046755249
Bell Lane,Tower Hamlets,533604.23,181594.69,TQ3360481594,51.517475,-0.075855185
Clinton Road,Tower Hamlets,536340.05,182609.21,TQ3634082609,51.525943,-0.036055475
Pott Street,Tower Hamlets,534821.22,182705.37,TQ3482182705,51.52717,-0.057901506
Hoxton Station,Hackney,533561.41,183108.23,TQ3356183108,51.531091,-0.075901093
Goldsmith's Row ,Hackney,534243.4,183212.75,TQ3424383212,51.531864,-0.06603539
Queen Mary's,Tower Hamlets,535981.17,182217.03,TQ3598182217,51.522507,-0.04137836
Twig Folly Bridge,Tower Hamlets,535868.4,183087.06,TQ3586883087,51.530352,-0.042670848
Bonny Street,Camden,529162.41,184164.56,TQ2916284164,51.541603,-0.13889595
Devons Road,Tower Hamlets,537755.63,182570.59,TQ3775582570,51.52525,-0.015686614
Newby Place,Tower Hamlets,538037.84,180757.83,TQ3803780757,51.508889,-0.012333702
Ford Road,Tower Hamlets,536526.95,183344.83,TQ3652683344,51.532503,-0.033091334
Bramham Gardens (Ext),K&C,525731.42,178354.02,TQ2573178354,51.490163,-0.19041407
Hansard Mews,K&C,523929.59,179821.95,TQ2392979821,51.503745,-0.21584098
Russell Gardens,K&C,524253.12,179422.45,TQ2425379422,51.500088,-0.21131568
Walmer Road,K&C,524214.8,180549.99,TQ2421480549,51.510225,-0.21148071
Manresa Road,K&C,527086.34,178024.38,TQ2708678024,51.486895,-0.17102652
Langdon Park,Tower Hamlets,537946.66,181497.43,TQ3794681497,51.515561,-0.013354839
Bancroft Road,Tower Hamlets,535577.1,182608.22,TQ3557782608,51.526118,-0.047047593
Castlehaven Road,Camden,528710.93,184212.77,TQ2871084212,51.542138,-0.14539251
Antill Road,Tower Hamlets,536235.45,182860.38,TQ3623582860,51.528224,-0.037471103
Palace Gardens Terrace (Ext),K&C,525446.83,180399.05,TQ2544680399,51.508605,-0.19379046
Sutton Street,Tower Hamlets,535166.31,180942.99,TQ3516680942,51.511245,-0.053606881
Bow Road Station,Tower Hamlets,537083.87,182753.64,TQ3708382753,51.527058,-0.025295985
Napier Avenue,Tower Hamlets,537459.94,178381.17,TQ3745978381,51.487679,-0.021581929
Vauxhall Walk,Lambeth,530561.71,178228.64,TQ3056178228,51.487937,-0.12093077
Fournier Street,Tower Hamlets,533697.13,181824.34,TQ3369781824,51.51952,-0.074428483
Red Lion Street,Camden,530775.76,181613.62,TQ3077581613,51.518308,-0.11659652
Canton Street,Tower Hamlets,537101.19,181035.64,TQ3710181035,51.511615,-0.025704452
St Johns Park,Tower Hamlets,538271.31,179392.73,TQ3827179392,51.496566,-0.009498627
Gunmakers Lane,Tower Hamlets,536498.82,183641.46,TQ3649883641,51.535179,-0.033379725
Bromley High Street,Tower Hamlets,537903.9,182963.6,TQ3790382963,51.528745,-0.013400887
Furze Green,Tower Hamlets,537382.97,181894.71,TQ3738281894,51.519266,-0.021323209
St Katharine’s Way,Tower Hamlets,534015.33,180291.98,TQ3401580291,51.505669,-0.070430189
Granby Street,Tower Hamlets,534018.68,182514.22,TQ3401882514,51.525645,-0.069542542
Reardon Street,Tower Hamlets,534826.75,180456.36,TQ3482680456,51.506959,-0.058689022
Coborn Street,Tower Hamlets,536851.14,182686.03,TQ3685182686,51.526512,-0.028664217
Bow Church Station,Tower Hamlets,537537.03,182889.77,TQ3753782889,51.528169,-0.01870257
Cephas Street,Tower Hamlets,535044.05,182198.73,TQ3504482198,51.522561,-0.054883046
Castalia Square,Tower Hamlets,538133.47,179565.14,TQ3813379565,51.498154,-0.011417663
The Green Bridge,Tower Hamlets,536374.91,182469.69,TQ3637482469,51.524677,-0.035619823
Wapping Lane,Tower Hamlets,534910.63,180219.55,TQ3491080219,51.504809,-0.057569994
Malmesbury Road,Tower Hamlets,536918.8,183023.78,TQ3691883023,51.529524,-0.027568137
Old Ford Road,Tower Hamlets,535490.46,183159.6,TQ3549083159,51.53109,-0.048089152
Christian Street,Tower Hamlets,534432.44,181127.04,TQ3443281127,51.513083,-0.064107068
Flamborough Street,Tower Hamlets,536173.77,181149.71,TQ3617381149,51.512864,-0.039024911
Albert Gardens,Tower Hamlets,535564.15,181179.98,TQ3556481179,51.51328,-0.047784097
Garnet Street,Tower Hamlets,535066.57,180629.53,TQ3506680629,51.508456,-0.055166809
Saunders Ness Road,Tower Hamlets,538321.88,178336.69,TQ3832178336,51.487065,-0.009192268
Spindrift Avenue,Tower Hamlets,537627.12,178765.56,TQ3762778765,51.491089,-0.019014221
Stebondale Street,Tower Hamlets,538317.54,178563.7,TQ3831778563,51.489106,-0.009160985
Thornfield House,Tower Hamlets,537241.69,180838.46,TQ3724180838,51.509811,-0.023764891
Mostyn Grove,Tower Hamlets,537058.09,183141.23,TQ3705883141,51.53055,-0.02550529
Southern Grove,Tower Hamlets,536724.1,182348.12,TQ3672482348,51.523505,-0.030624839
Cantrell Road,Tower Hamlets,537280.25,182147.36,TQ3728082147,51.521564,-0.022693906
Lindfield Street,Tower Hamlets,537458.18,181283.02,TQ3745881283,51.513757,-0.020466606
Hewison Street,Tower Hamlets,536872.37,183433.39,TQ3687283433,51.533219,-0.028071646
Shadwell Station,Tower Hamlets,534920.71,180918.53,TQ3492080918,51.511088,-0.057158802
Ebury Bridge,Westminster,528590.41,178457.42,TQ2859078457,51.490447,-0.14921956
York Hall,Tower Hamlets,534955.3,182905.28,TQ3495582905,51.528936,-0.055894485
Bethnal Green Garden,Tower Hamlets,535005.89,182544.84,TQ3500582544,51.52568,-0.055312372
Cheshire Street,Tower Hamlets,534333.3,182326.67,TQ3433382326,51.523881,-0.065076264
South Parade,K&C,526800.93,178262.77,TQ2680078262,51.489098,-0.17505801
Parkway,Camden,528772.12,183761.24,TQ2877283761,51.538071,-0.14466381
Killick Street,Islington,530584.6,183334.17,TQ3058483334,51.533818,-0.11871034
Crinan Street,Islington,530340.56,183401.79,TQ3034083401,51.534476,-0.12220137
Kennington Oval,Lambeth,531116.47,177709.78,TQ3111677709,51.483145,-0.11313434
Sail Street,Lambeth,531008.56,179109.6,TQ3100879109,51.495751,-0.11416971
Malet Street,Camden,529804.55,181963.45,TQ2980481963,51.521677,-0.13045422
Hop Exchange (Extension),Southwark,532535.83,180136.32,TQ3253580136,51.504625,-0.09180025
Vaughan Way (Ext),Tower Hamlets,534231.65,180605.6,TQ3423180605,51.508439,-0.067200435
Brushfield Street (Ext),Tower Hamlets,533380.93,181755.97,TQ3338081755,51.518975,-0.079020705
Exhibition Road,Westminster,526805.17,179466.17,TQ2680579466,51.499917,-0.17455383
Exhibition Road Museums,K&C,526858.95,179138.76,TQ2685879138,51.496957,-0.17390851
Bethnal Green Road (Ext),Tower Hamlets,533661.28,182282.38,TQ3366182282,51.523645,-0.074773457
Cloudesley Road (Extension),Islington,531258,183427,TQ3125883427,51.534497,-0.10896404
Eaton Square (South),Westminster,528249.46,178906.15,TQ2824978906,51.494559,-0.15396549
Royal London Hospital (Ext),Tower Hamlets,534723.17,181800.37,TQ3472381800,51.519061,-0.059659078
Leman Street (Ext),Tower Hamlets,534056,181037.08,TQ3405681037,51.512363,-0.069556445
Cheapside,City,532427,181173,TQ3242781173,51.513969,-0.092966307
Vincent Street,Westminster,529922.43,178783.15,TQ2992278783,51.493072,-0.12992488
Southwark Station,Southwark,531598,180046,TQ3159880046,51.504035,-0.10532632
Great Marlborough Street 2,Westminster,529310.5,181165.15,TQ2931081165,51.514618,-0.13786299
Harrington Square 2,Camden,529165.96,183208.85,TQ2916583208,51.533011,-0.13920315
Soho Square (Extension),Westminster,529690.11,181287.38,TQ2969081287,51.515628,-0.13234497
Chelsea Bridge,Westminster,528618,177943,TQ2861877943,51.485821,-0.14900357
Cardinal Place,Westminster,529073.67,179274.63,TQ2907379274,51.497679,-0.14196798
Kennington Lane Rail Bridge (Extension),Lambeth,530456.13,178047.92,TQ3045678047,51.486335,-0.12250903
Bankside Mix (Extension),Southwark,531948.57,180253.48,TQ3194880253,51.505813,-0.10020913
Shoreditch High Street (Extension),Hackney,533419.11,182579.78,TQ3341982579,51.526371,-0.07814721
Leonard Circus (Extension),Hackney,532986.42,182381.31,TQ3298682381,51.524693,-0.084459859
Strata,Southwark,532011,178845,TQ3201178845,51.493146,-0.099828272
Walworth Road,Southwark,532018,178870,TQ3201878870,51.493369,-0.099718157
Nesham Street,Tower Hamlets,534249.54,180457.25,TQ3424980457,51.507105,-0.066997516
Paddington Green Police Station,Westminster,527015.52,181699.61,TQ2701581699,51.519938,-0.17072645
Chancery Lane,Westminster,531156.89,181174.2,TQ3115681174,51.514274,-0.11127176
Palissy Street,Tower Hamlets,533710,182585,TQ3371082585,51.526356,-0.073952692
Cleaver Street,Lambeth,531311,178266,TQ3131178266,51.488105,-0.11012076
Edgware Road Station,Westminster,527088.93,181705.26,TQ2708881705,51.519975,-0.16967272
Shouldham Street,Westminster,527517.95,181501.24,TQ2751781501,51.518045,-0.1635667
Hereford Road,Westminster,525453.37,180970.67,TQ2545380970,51.513735,-0.19348667
Sedding Street,K&C,528051.65,178742.1,TQ2805178742,51.49313,-0.15687554
Waterloo Road,Lambeth,531063,180124,TQ3106380124,51.50486,-0.11300115
Strand,Westminster,530892.12,180973.29,TQ3089280973,51.512529,-0.11514867
Aberdeen Place,Westminster,526598.68,182219.16,TQ2659882219,51.524704,-0.17654673
George Street,Westminster,528172.69,181479.34,TQ2817281479,51.517699,-0.15413982
Columbia Road,Tower Hamlets,533605.5,182785.36,TQ3360582785,51.528178,-0.075389567
Clifton Street,Hackney,533087,182217,TQ3308782217,51.523196,-0.083066761
Devonshire Terrace,Westminster,526404.29,180965.76,TQ2640480965,51.513478,-0.17979099
Clifford Street,Westminster,529009.14,180717.07,TQ2900980717,51.510661,-0.14236214
Cadogan Gardens,K&C,527841.18,178665.8,TQ2784178665,51.492485,-0.15992668
Brick Lane Market,Tower Hamlets,533879.41,182173.46,TQ3387982173,51.522613,-0.07167445
Buxton Street,Tower Hamlets,534077.97,182085.39,TQ3407782085,51.521776,-0.068855696
Imperial College,Westminster,526447.9,179402.68,TQ2644779402,51.499422,-0.17973153
Holland Walk,K&C,524978.88,179692.46,TQ2497879692,51.502355,-0.20078078
Snow Hill,City,531678.31,181527.82,TQ3167881527,51.517325,-0.10362176
Charlotte Street,Camden,529439.8,181714.86,TQ2943981714,51.519523,-0.13580356
Stanhope Gate,Westminster,528442.28,180281,TQ2844280281,51.506872,-0.15068673
Moor Street,Westminster,529849.98,181057.35,TQ2984981057,51.513524,-0.13013947
Frith Street,Westminster,529774.65,181008.22,TQ2977481008,51.513101,-0.1312377
Rathbone Street,Westminster,529495.82,181564.12,TQ2949581564,51.518162,-0.13505196
Upper Grosvenor Street,Westminster,528079.77,180634.27,TQ2807980634,51.510127,-0.15578615
Farm Street,Westminster,528659.11,180562.07,TQ2865980562,51.509348,-0.14745933
Southampton Street,Westminster,530439.87,180758.83,TQ3043980758,51.510702,-0.12175241
Marloes Road,K&C,525581.65,179135.84,TQ2558179135,51.497215,-0.19229581
Fire Brigade Pier,Lambeth,530502.27,178847.18,TQ3050278847,51.493514,-0.12155142
Paddington Green,Westminster,526746.15,181722.87,TQ2674681722,51.520205,-0.17459317
Waterloo Bridge,Lambeth,531015.1,180177.78,TQ3101580177,51.505347,-0.11367267
Prince Consort Road,Westminster,526675.07,179450.83,TQ2667579450,51.499802,-0.17643142
Millbank Tower,Westminster,530219.45,178658.48,TQ3021978658,51.49188,-0.12569526
Greycoat Street,Westminster,529617.55,178944.29,TQ2961778944,51.494589,-0.13425668
Kensington Town Hall,K&C,525421.46,179657.41,TQ2542179657,51.501942,-0.19441412
King Edward Walk,Lambeth,531299.85,179339.15,TQ3129979339,51.497751,-0.10989469
Sardinia Street,Camden,530681.8,181260.3,TQ3068181260,51.515157,-0.11808127
Harriet Street,K&C,527864.13,179533.78,TQ2786479533,51.500281,-0.15928133
Harrowby Street,Westminster,527463.89,181423.65,TQ2746381423,51.517356,-0.16437272
Waterloo Station,Lambeth,531040.64,180023.88,TQ3104080023,51.503958,-0.11336984
Alfred Place,Camden,529680.14,181734.92,TQ2968081734,51.519647,-0.13232468
Millennium Hotel,Westminster,528391.39,180732.22,TQ2839180732,51.510937,-0.15125712
Royal College Street,Camden,529521,183579.08,TQ2952183579,51.536264,-0.13393722
City Road ,Islington,531880.29,182981.45,TQ3188082981,51.530344,-0.10016845
High Holborn,Camden,530242.65,181390.92,TQ3024281390,51.516427,-0.12435628
Lord's,Westminster,526944.46,182707.83,TQ2694482707,51.529012,-0.17138635
Northumberland Avenue,Westminster,530288.49,180330.72,TQ3028880330,51.50689,-0.12408507
Butler Place,Westminster,529531.23,179314,TQ2953179314,51.497934,-0.13535912
Howland Street,Camden,529212.83,181872.49,TQ2921281872,51.520994,-0.13901554
South Kensington Station,K&C,526871.13,178855.66,TQ2687178855,51.494411,-0.17382299
Oval Way,Lambeth,530818.29,178083.32,TQ3081878083,51.486575,-0.11728504
Macclesfield Road,Islington,532093.01,182886.94,TQ3209382886,51.529441,-0.097135189
Vauxhall Street,Lambeth,530854.05,178153.98,TQ3085478153,51.487196,-0.11674094
Queen's Gate,Royal Parks,526435.48,179658.22,TQ2643579658,51.501725,-0.17981265
Crosswall,City,533532.34,180937.71,TQ3353280937,51.511588,-0.077140892
Grosvenor Square,Westminster,528440.37,180870.5,TQ2844080870,51.512166,-0.15050119
Lower Marsh,Lambeth,531010.65,179597.35,TQ3101079597,51.500136,-0.11395989
Horse Guards Avenue,Westminster,530350.66,180115.2,TQ3035080115,51.504944,-0.12327163
Ampton Street,Camden,530630.49,182607.79,TQ3063082607,51.527274,-0.11831693
Southampton Place,Camden,530447.71,181526.59,TQ3044781526,51.517602,-0.12135326
Queen Victoria Street,City,532121.28,180941.66,TQ3212180941,51.511956,-0.097460371
Bank of England Museum,City,532797.84,181235.22,TQ3279781235,51.514439,-0.087614034
Warwick Road,K&C,524679.82,179056.82,TQ2467979056,51.496705,-0.20531086
Finsbury Square,Islington,532914.39,181963.95,TQ3291481963,51.520954,-0.085654625
Campden Hill Road,K&C,525088.74,180165.36,TQ2508880165,51.506581,-0.19902921
Pont Street,K&C,527739.05,179152.13,TQ2773979152,51.496885,-0.16121899
Empire Square,Southwark,532687.96,179716.97,TQ3268779716,51.500815,-0.089769352
Albert Embankment,Lambeth,530422.63,178502.44,TQ3042278502,51.490432,-0.12283049
Baker Street,Westminster,528026.98,181610.41,TQ2802681610,51.51891,-0.1561953
Grafton Street,Westminster,528931.26,180640.57,TQ2893180640,51.509987,-0.14351362
Waterloo Place,Westminster,529754.16,180287.75,TQ2975480287,51.506626,-0.13179083
Broadwick Street,Westminster,529469.99,181065.13,TQ2946981065,51.513683,-0.13560959
Bourne Street,Westminster,528303.17,178497.38,TQ2830378497,51.490871,-0.15333659
Frampton Street,Westminster,526699.99,182071.19,TQ2669982071,51.523352,-0.17514484
Gloucester Terrace,Westminster,525814.32,181444.5,TQ2581481444,51.517914,-0.18811806
Chadwell Street,Islington,531445.7,182988.8,TQ3144582988,51.530509,-0.10643325
Cleveland Gardens,Westminster,526166.22,181195.94,TQ2616681195,51.515598,-0.1831367
London Zoo,Royal Parks,527994.99,183502.41,TQ2799483502,51.53592,-0.1559694
St. Chad's Street,Camden,530436.76,182911.99,TQ3043682911,51.53005,-0.12099941
Cartwright Gardens,Camden,530100.11,182491.47,TQ3010082491,51.526354,-0.12599546
Brunswick Square,Camden,530348.16,182230.04,TQ3034882230,51.523951,-0.12251907
Guilford Street,Camden,530509.42,182166.89,TQ3050982166,51.523339,-0.1202234
Bayley Street,Camden,529700.83,181616.6,TQ2970081616,51.518582,-0.13207997
Scala Street,Camden,529420.51,181757.11,TQ2942081757,51.519913,-0.13606147
Belgrove Street,Camden,530253.76,182894.42,TQ3025382894,51.52994,-0.12364234
Hampstead Road (Cartmel),Camden,529197.05,182882.41,TQ2919782882,51.530074,-0.13886155
Wormwood Street,City,533151.22,181435.12,TQ3315181435,51.516153,-0.082440018
Northington Street,Camden,530937.29,182057.43,TQ3093782057,51.52226,-0.11409823
Hatton Wall,Camden,531290.96,181999.47,TQ3129081999,51.521657,-0.10903474
Holborn Circus,Camden,531352,181582,TQ3135281582,51.517895,-0.10829691
Red Lion Square,Camden,530595.47,181733.86,TQ3059581733,51.519428,-0.11914484
Theobald's Road,Camden,530761.07,181867.36,TQ3076181867,51.520593,-0.11670402
Drury Lane,Camden,530393.97,181209.62,TQ3039381209,51.514765,-0.12224824
Earnshaw Street,Camden,529948.48,181348.22,TQ2994881348,51.516117,-0.12860642
Gower Place,Camden,529464.5,182349.44,TQ2946482349,51.525223,-0.13521033
Longford Street,Camden,528846.41,182374.62,TQ2884682374,51.525589,-0.14410443
Drummond Street,Camden,529451.5,182628.28,TQ2945182628,51.527734,-0.13529518
Endsleigh Gardens,Camden,529784.86,182536.83,TQ2978482536,51.526831,-0.13053144
Bedford Way,Camden,529941.38,182188.65,TQ2994182188,51.523667,-0.12839779
Taviton Street,Camden,529744.38,182336.93,TQ2974482336,51.525042,-0.13118131
Russell Square Station,Camden,530237.34,182167.88,TQ3023782167,51.52341,-0.1241414
British Museum,Camden,530211.09,181684.46,TQ3021181684,51.519076,-0.12469427
Hatton Garden,Camden,531366.95,181685.89,TQ3136681685,51.518818,-0.10805689
Tavistock Place,Camden,530271.73,182483.89,TQ3027182483,51.526242,-0.12353486
Pancras Road,Camden,529841.66,183348.98,TQ2984183348,51.534115,-0.12941116
Doric Way,Camden,529658.08,182755.67,TQ2965882755,51.528828,-0.13226618
Eversholt Street,Camden,529331.2,183211.54,TQ2933183211,51.533,-0.13681016
Warren Street Station,Camden,529270.36,182256.69,TQ2927082256,51.524432,-0.13803929
West Smithfield Rotunda,City,531870.82,181631.41,TQ3187081631,51.518215,-0.10081738
Bouverie Street,City,531388.33,181129.55,TQ3138881129,51.513816,-0.10794707
Godliman Street,City,532001.83,180996.72,TQ3200180996,51.512478,-0.099168036
Stonecutter Street,City,531566.99,181355.5,TQ3156681355,51.515806,-0.10529913
Newgate Street,City,532013.51,181323.53,TQ3201381323,51.515414,-0.098872864
Golden Lane,City,532298.79,182035.26,TQ3229882035,51.521746,-0.094500957
Museum of London,City,532169.89,181594.98,TQ3216981594,51.517813,-0.096524458
Moorfields,City,532735.97,181748.6,TQ3273581748,51.519064,-0.088313982
Finsbury Circus,City,532852.76,181529.75,TQ3285281529,51.517069,-0.086711177
Queen Street,City,532434.82,180904.36,TQ3243480904,51.51155,-0.092966448
The Guildhall,City,532412.94,181369.17,TQ3241281369,51.515734,-0.093108788
Wood Street,City,532353.43,181509.24,TQ3235381509,51.517006,-0.09390605
Aldersgate Street,City,532102.65,181929.32,TQ3210281929,51.520839,-0.097364052
Devonshire Square,City,533340.26,181474.99,TQ3334081474,51.516459,-0.079703082
Great Tower Street,City,533128.38,180803.6,TQ3312880803,51.510479,-0.083009741
Old Street Station,Islington,532702.7,182488.5,TQ3270282488,51.525722,-0.088510869
West Cromwell Road,K&C,525173.73,178736.49,TQ2517378736,51.49372,-0.19831165
Breams Buildings,City,531115.08,181357.98,TQ3111581357,51.515928,-0.11179427
Appold Street,City,533225.36,182059.03,TQ3322582059,51.521744,-0.081138505
St. Mary Axe,City,533279.12,181223.75,TQ3327981223,51.514218,-0.0806765
Jewry Street,City,533549.8,181139.82,TQ3354981139,51.5134,-0.076819613
Windsor Terrace,Hackney,532350.41,182860.8,TQ3235082860,51.529147,-0.093442232
Fanshaw Street,Hackney,533047.65,182921.6,TQ3304782921,51.529532,-0.083377324
Shoreditch Park,Hackney,532824.63,183417.17,TQ3282483417,51.534041,-0.08640327
Murray Grove,Hackney,532597.78,183060.43,TQ3259783060,51.530887,-0.089808389
New North Road,Hackney,532861.67,183094.77,TQ3286183094,51.53113,-0.0859919
East Road,Hackney,532765.36,182818.1,TQ3276582818,51.528672,-0.08747901
New Inn Yard,Hackney,533347.02,182371.93,TQ3334782371,51.524519,-0.07926313
Falkirk Street,Hackney,533379.78,183087.62,TQ3337983087,51.530945,-0.078531268
Christopher Street,Hackney,532984.81,182001.53,TQ3298482001,51.521279,-0.084631967
Leonard Circus,Hackney,532986.42,182381.31,TQ3298682381,51.524693,-0.084459859
Sun Street,Hackney,533036.68,181861.94,TQ3303681861,51.520009,-0.083935724
Wenlock Road,Hackney,532311.64,183064.25,TQ3231183064,51.53099,-0.09392755
Stamford Street,Lambeth,531156.74,180205.31,TQ3115680205,51.505566,-0.11163187
Calshot Street,Islington,530703.8,183063.65,TQ3070383063,51.531355,-0.11709616
Rodney Street,Islington,530892.74,183113.88,TQ3089283113,51.53176,-0.11435443
Risinghill Street,Islington,531070.62,183293.01,TQ3107083293,51.533337,-0.11172281
River Street,Islington,531202.52,182832.02,TQ3120282832,51.529163,-0.10999244
Finsbury Library,Islington,531603.01,182570.25,TQ3160382570,51.526716,-0.10431284
Sadlers Sports Centre,Islington,531941.91,182373.28,TQ3194182373,51.524866,-0.099517108
Goswell Road (City Uni),Islington,531825.57,182746.06,TQ3182582746,51.528245,-0.10104875
Farringdon Lane,Islington,531331.83,182207.37,TQ3133182207,51.523517,-0.10836667
Bunhill Row,Islington,532619.6,181944.7,TQ3261981944,51.520853,-0.089911168
Clerkenwell Green,Islington,531584.48,182184.98,TQ3158482184,51.523251,-0.10473061
Finsbury Leisure Centre,Islington,532158.64,182505.71,TQ3215882505,51.526002,-0.096341522
Great Percy Street,Islington,530821.02,182794.61,TQ3082182794,51.52891,-0.11549581
Tysoe Street,Islington,531259.84,182530.82,TQ3125982530,51.526436,-0.10928364
Milroy Walk,Southwark,531524.53,180401.24,TQ3152480401,51.507242,-0.10625962
Hop Exchange,Southwark,532535.83,180136.32,TQ3253580136,51.504625,-0.09180025
Bankside Mix,Southwark,531948.57,180253.48,TQ3194880253,51.505813,-0.10020913
Turquoise Island,K&C,524939.88,181021.93,TQ2493981021,51.514307,-0.20087194
Chepstow Villas,K&C,524896.54,180778.45,TQ2489680778,51.512133,-0.20157731
Pembridge Villas,K&C,525179.06,180668.3,TQ2517980668,51.511082,-0.19754032
Notting Hill Gate Station,K&C,525262.07,180478.32,TQ2526280478,51.509356,-0.19641234
Palace Gardens Terrace,K&C,525446.83,180399.05,TQ2544680399,51.508605,-0.19379046
Vicarage Gate,K&C,525542.52,179969.49,TQ2554279969,51.504719,-0.19256083
Phillimore Gardens,K&C,525207.07,179391.86,TQ2520779391,51.499599,-0.19758996
Argyll Road,K&C,525351.92,179483.81,TQ2535179483,51.500394,-0.19548386
Abingdon Villas,K&C,525235.96,179145.61,TQ2523579145,51.497382,-0.19727402
Lexham Gardens,K&C,525608.84,178985.58,TQ2560878985,51.495861,-0.19196041
Nevern Place,K&C,525419.72,178700.14,TQ2541978700,51.493342,-0.19478276
Trebovir Road,K&C,525328.5,178420.86,TQ2532878420,51.490846,-0.19619221
Penywern Road,K&C,525590.34,178509.69,TQ2559078509,51.491588,-0.19238879
Wright's Lane,K&C,525517.64,179487.53,TQ2551779487,51.500393,-0.19309219
Derry Street,K&C,525626.45,179597.82,TQ2562679597,51.501357,-0.19148355
Queen's Gate (North),K&C,526405.85,179579.5,TQ2640579579,51.501022,-0.18027292
Gloucester Road Station,K&C,526256.44,178814.57,TQ2625678814,51.49418,-0.18269188
Queen's Gate (Central),K&C,526530.45,178797.11,TQ2653078797,51.493966,-0.17875318
Old Brompton Road,K&C,526368.13,178456.82,TQ2636878456,51.490938,-0.18120746
Seville Street,K&C,527861.67,179708.09,TQ2786179708,51.501854,-0.15926116
Natural History Museum,K&C,526501.98,178977.26,TQ2650178977,51.49559,-0.17910623
Sloane Avenue,K&C,527284.91,178728.84,TQ2728478728,51.493177,-0.16792277
Denyer Street,K&C,527477.72,178778.08,TQ2747778778,51.493583,-0.16512618
Cadogan Place,K&C,527960.38,178908.3,TQ2796078908,51.494642,-0.15812549
Chelsea Green,K&C,527389.8,178451.03,TQ2738978451,51.490664,-0.16651101
Royal Avenue,K&C,527653.88,178372.09,TQ2765378372,51.489895,-0.16273906
St. Luke's Church,K&C,527134.93,178339.16,TQ2713478339,51.489715,-0.17022225
Gloucester Road (North),K&C,526165.34,179228.37,TQ2616579228,51.497921,-0.18385413
Queen's Gate (South),K&C,526555.34,178632.18,TQ2655578632,51.492478,-0.17845236
Emperor's Gate,K&C,526070.94,178940.89,TQ2607078940,51.495354,-0.18532477
De Vere Gardens,K&C,526075.29,179650.36,TQ2607579650,51.501734,-0.18499932
Holy Trinity Brompton,K&C,527203.19,179157.56,TQ2720379157,51.497051,-0.16893441
Sumner Place,K&C,526886.31,178499.35,TQ2688678499,51.491209,-0.1737349
Gloucester Road (Central),K&C,526207.25,179066.74,TQ2620779066,51.496456,-0.18330729
Kensington Church Street,K&C,525619.17,179797.09,TQ2561979797,51.503156,-0.19151319
Flood Street,K&C,527369.84,178156.66,TQ2736978156,51.488018,-0.16690526
Ilchester Place,K&C,524844.09,179509.41,TQ2484479509,51.50074,-0.20277505
Belvedere Road,Lambeth,530941.4,180262.54,TQ3094180262,51.506128,-0.11470675
Baylis Road,Lambeth,531231.55,179748.28,TQ3123179748,51.501442,-0.11072173
Kennington Lane Rail Bridge,Lambeth,530456.13,178047.92,TQ3045678047,51.486335,-0.12250903
Tooley Street,Southwark,533382.53,180032.3,TQ3338280032,51.503491,-0.079643137
Great Dover Street,Southwark,532718.34,179334.86,TQ3271879334,51.497375,-0.089466565
Kennington Cross,Lambeth,531216.31,178356.44,TQ3121678356,51.488936,-0.11145482
Walnut Tree Walk,Lambeth,531231.91,178884.98,TQ3123178884,51.493678,-0.11104277
Lambeth North Station,Lambeth,531145.7,179489.69,TQ3114579489,51.499134,-0.11205622
Bricklayers Arms,Southwark,532977.22,179083.3,TQ3297779083,51.495058,-0.085832168
Black Prince Road,Lambeth,530830.63,178561.01,TQ3083078561,51.490868,-0.11693533
Tanner Street,Southwark,533461.67,179717.59,TQ3346179717,51.500642,-0.078624671
Commercial Street,Tower Hamlets,533611.07,182016.51,TQ3361182016,51.521266,-0.075594509
Tower Gardens,Tower Hamlets,533653.76,180708.49,TQ3365380708,51.509502,-0.075485016
Wellington Road,Westminster,526852.57,183153.22,TQ2685283153,51.533041,-0.17255138
Lambeth Road,Lambeth,530745.36,179005.39,TQ3074579005,51.494877,-0.11799463
Lollard Street,Lambeth,530962.17,178788.37,TQ3096278788,51.492877,-0.11495098
Sancroft Street,Lambeth,530956.46,178409.7,TQ3095678409,51.489473,-0.11517784
Concert Hall Approach,Lambeth,530865.79,180140.84,TQ3086580140,51.50505,-0.1158464
Albert Gate,Royal Parks,527912.8,179831.63,TQ2791279831,51.502948,-0.15848224
Hyde Park Corner,Royal Parks,528254.85,179858.52,TQ2825479858,51.503113,-0.15354776
Triangle Car Park,Royal Parks,527082.5,180200.04,TQ2708280200,51.506451,-0.17030117
Serpentine Car Park,Royal Parks,526916.47,180035.85,TQ2691680035,51.505006,-0.17275103
Speakers' Corner,Royal Parks,527733.47,180856.79,TQ2773380856,51.5122,-0.16068885
Cumberland Gate,Royal Parks,527634.48,180844.45,TQ2763480844,51.512114,-0.16211905
Palace Gate,Royal Parks,526114.73,179685.29,TQ2611479685,51.50204,-0.18442524
Black Lion Gate,Royal Parks,525854.15,180554.1,TQ2585480554,51.509907,-0.18785932
London Zoo Car Park,Royal Parks,528391.59,183623.53,TQ2839183623,51.536917,-0.15020455
The Tennis Courts,Royal Parks,528196.4,182332.8,TQ2819682332,51.52536,-0.15348407
Wellington Arch,Westminster,528530.17,179823.44,TQ2853079823,51.502736,-0.14958621
Union Street,Southwark,532071.91,180019.73,TQ3207180019,51.503682,-0.098525462
Park Street,Southwark,532463.89,180284.3,TQ3246380284,51.505972,-0.092781488
New Globe Walk,Southwark,532203.97,180434.55,TQ3220380434,51.50738,-0.096469328
Colombo Street,Southwark,531567.52,180203.72,TQ3156780203,51.505453,-0.1057142
Geraldine Street,Southwark,531572.94,179165.49,TQ3157279165,51.496124,-0.10602897
Swan Street,Southwark,532479.75,179652.88,TQ3247979652,51.500288,-0.092788234
Hampton Street,Southwark,531894.21,178733.38,TQ3189478733,51.492166,-0.10155443
Tyers Gate,Southwark,533144.55,179736.24,TQ3314479736,51.500887,-0.083181762
Dickens Square,Southwark,532410.03,179261.03,TQ3241079261,51.496791,-0.093928315
Borough Road,Southwark,531950.9,179483.56,TQ3195079483,51.498893,-0.10046809
Kennington Road,Southwark,531234.8,179111.16,TQ3123479111,51.495717,-0.11091525
Harper Road,Southwark,532246.71,179457.81,TQ3224679457,51.498591,-0.09621606
Ontario Street,Southwark,531892.27,179217.4,TQ3189279217,51.496516,-0.1014025
Borough High Street,Southwark,532356.33,179694.02,TQ3235679694,51.500695,-0.094543479
Webber Street,Southwark,531831.15,179680.23,TQ3183179680,51.500691,-0.10210789
LSBU (Borough Road),Southwark,531764.47,179461.63,TQ3176479461,51.498739,-0.10315431
New Kent Road,Southwark,532485.73,179000.94,TQ3248579000,51.494428,-0.092946426
Long Lane,Southwark,532975.83,179529.99,TQ3297579529,51.499067,-0.085693039
Hampstead Road,Camden,529256.99,182380.86,TQ2925682380,51.52555,-0.13819552
Curlew Street,Southwark,533763.05,179907.22,TQ3376379907,51.502278,-0.07420443
Bermondsey Street,Southwark,533261.06,179401.7,TQ3326179401,51.497849,-0.081623573
Wansey Street,Southwark,532201.84,178631.36,TQ3220178631,51.491178,-0.097173103
Rodney Road,Southwark,532681.73,178677.61,TQ3268178677,51.491479,-0.090246046
Fashion Street,Tower Hamlets,533767.99,181699.01,TQ3376781699,51.51838,-0.073467595
Euston Road,Camden,529515.81,182463,TQ2951582463,51.526236,-0.13443373
Harrington Square,Camden,529165.96,183208.85,TQ2916583208,51.533011,-0.13920315
Norton Folgate,City,533383.23,181993.05,TQ3338381993,51.521113,-0.07888749
Lower Thames Street,City,532993.34,180668.39,TQ3299380668,51.509298,-0.085004803
Bethnal Green Road,Tower Hamlets,533661.28,182282.38,TQ3366182282,51.523645,-0.074773457
Shoreditch High Street,Hackney,533419.11,182579.78,TQ3341982579,51.526371,-0.07814721
Vauxhall Cross,Lambeth,530320.05,177997,TQ3032077997,51.485917,-0.12448506
Vaughan Way,Tower Hamlets,534231.65,180605.6,TQ3423180605,51.508439,-0.067200435
Kennington Road Post Office,Lambeth,531280.47,177896.16,TQ3128077896,51.484787,-0.11070443
New Road,Tower Hamlets,534517.16,181693.13,TQ3451781693,51.518149,-0.062667089
Wapping High Street,Tower Hamlets,534197.58,180201.54,TQ3419780201,51.504817,-0.067843648
Brushfield Street,Tower Hamlets,533380.93,181755.97,TQ3338081755,51.518975,-0.079020705
Warwick Avenue Station,Westminster,526094.38,182055.16,TQ2609482055,51.523343,-0.18386635
Clifton Road,Westminster,526383.28,182310.54,TQ2638382310,51.52557,-0.17961155
Grove End Road,Westminster,526564.34,182906.36,TQ2656482906,51.530886,-0.17678994
Kennington Lane Tesco,Lambeth,530915.77,178108.3,TQ3091578108,51.486777,-0.11587955
Lisson Grove,Westminster,526894.33,182420.42,TQ2689482420,51.526444,-0.17221004
Mallory Street,Westminster,527306.54,182275.31,TQ2730682275,51.525049,-0.16632666
Bell Street,Westminster,527339.64,181936.92,TQ2733981936,51.521995,-0.16597365
Lodge Road,Westminster,527031.7,182634.5,TQ2703182634,51.528337,-0.17015916
Charlbert Street,Westminster,527158.01,183300.75,TQ2715883300,51.534293,-0.16808913
Park Road (Baker Street),Westminster,527817.25,182228.7,TQ2781782228,51.524511,-0.15898191
Dorset Square,Westminster,527673.49,182011.34,TQ2767382011,51.522593,-0.161135
Old Quebec Street,Westminster,527897.26,181113.12,TQ2789781113,51.514473,-0.15823368
Marylebone Lane,Westminster,528597.94,181162.61,TQ2859781162,51.514754,-0.14813358
Hinde Street,Westminster,528327.06,181384.41,TQ2832781384,51.516811,-0.15194172
Chapel Place,Westminster,528658.96,181225.18,TQ2865881225,51.515306,-0.14723201
Wells Street,Westminster,529286.74,181467.67,TQ2928681467,51.517338,-0.138098
Foley Street,Westminster,529114.14,181667.74,TQ2911481667,51.519175,-0.14050229
Portland Place,Westminster,528781.93,181829.97,TQ2878181829,51.520706,-0.14523989
Bolsover Street,Westminster,528884.89,182144.48,TQ2888482144,51.523514,-0.14364105
Beaumont Street,Westminster,528351.81,181962.95,TQ2835181962,51.521999,-0.15138571
Nutford Place,Westminster,527462.88,181329.66,TQ2746281329,51.516512,-0.16442109
Crawford Street,Westminster,527952.63,181758.37,TQ2795281758,51.520257,-0.15720756
Paddington Street,Westminster,528123.95,181798.72,TQ2812381798,51.520577,-0.15472976
George Place Mews,Westminster,527888.1,181382.08,TQ2788881382,51.516892,-0.1582658
St. James's Square,Westminster,529554.32,180370.72,TQ2955480370,51.507418,-0.13464048
South Audley Street,Westminster,528392.09,180542.12,TQ2839280542,51.509229,-0.15131183
Curzon Street,Westminster,528772.32,180311.26,TQ2877280311,51.507067,-0.14592353
St. George Street,Westminster,528975.13,180860.64,TQ2897580860,51.511954,-0.14279954
North Audley Street,Westminster,528218.73,180947.41,TQ2821880947,51.512908,-0.15367056
Green Street,Westminster,527957.43,180870.1,TQ2795780870,51.512275,-0.15745761
Bruton Street,Westminster,528882.67,180722.19,TQ2888280722,51.510735,-0.14418936
Woodstock Street,Westminster,528655.55,181091.24,TQ2865581091,51.514103,-0.14732408
Milford Lane,Westminster,531042.4,180919.11,TQ3104280919,51.512009,-0.11300838
Carey Street,Westminster,531050.1,181253.15,TQ3105081253,51.515009,-0.11276912
Kingsway,Westminster,530654.56,181176.09,TQ3065481176,51.514408,-0.11850126
Wellington Street,Westminster,530581.33,180879.01,TQ3058180879,51.511756,-0.11966258
William IV Street,Westminster,530233.58,180614.78,TQ3023380614,51.509455,-0.12477232
Craven Street,Westminster,530149.2,180461.39,TQ3014980461,51.508099,-0.12603846
Pall Mall East,Westminster,529825.47,180416.1,TQ2982580416,51.507769,-0.13072094
St. Martin's Street,Westminster,529891.25,180564.33,TQ2989180564,51.509084,-0.12971601
Charles II Street,Westminster,529735.86,180488.71,TQ2973580488,51.508437,-0.13199056
Soho Square,Westminster,529690.11,181287.38,TQ2969081287,51.515628,-0.13234497
Golden Square,Westminster,529373.54,180863.79,TQ2937380863,51.51189,-0.13706632
Great Marlborough Street,Westminster,529310.5,181165.15,TQ2931081165,51.514618,-0.13786299
Wardour Street,Westminster,529638.37,180939.3,TQ2963880939,51.512512,-0.1332218
Whitehall Place,Westminster,530350.82,180292.98,TQ3035080292,51.506534,-0.12320627
Panton Street,Westminster,529763.87,180622.49,TQ2976380622,51.509635,-0.13153806
Tavistock Street,Westminster,530506.11,180900.62,TQ3050680900,51.511962,-0.12073498
Houghton Street,Westminster,530775.78,181091.44,TQ3077581091,51.513617,-0.11679001
Smith Square,Westminster,530076.33,179091.14,TQ3007679091,51.495805,-0.12759443
Horseferry Road,Westminster,529873.85,178973.78,TQ2987378973,51.494791,-0.13056044
Regency Street,Westminster,529764.23,178666.38,TQ2976478666,51.492057,-0.13224247
Rochester Row,Westminster,529527.71,179079.49,TQ2952779079,51.495823,-0.13550289
Vincent Square,Westminster,529432.24,178872.11,TQ2943278872,51.493984,-0.13694648
Howick Place,Westminster,529299.12,179176.71,TQ2929979176,51.496746,-0.13874995
Ashley Place,Westminster,529147.11,179106.96,TQ2914779106,51.496152,-0.14096397
Tachbrook Street,Westminster,529337.84,178661.19,TQ2933778661,51.49211,-0.13839141
Guildhouse Street,Westminster,529131.03,178682.02,TQ2913178682,51.492345,-0.14134932
Gloucester Street,Westminster,529253.6,178531.22,TQ2925378531,51.490961,-0.13964824
Rampayne Street,Westminster,529727.03,178433.45,TQ2972778433,51.489971,-0.13286067
St. George's Square,Westminster,529538.31,178233.95,TQ2953878233,51.488217,-0.13565472
Elizabeth Bridge,Westminster,528704.44,178673.86,TQ2870478673,51.492362,-0.14749978
Warwick Square,Westminster,529097.16,178404.14,TQ2909778404,51.489855,-0.14194037
Belgrave Road,Westminster,528934.35,178772.58,TQ2893478772,51.493199,-0.14415252
Belgrave Square,Westminster,528348.77,179448.56,TQ2834879448,51.499407,-0.15234323
Eaton Square,Westminster,528454.85,179132.12,TQ2845479132,51.496543,-0.15093193
Grosvenor Crescent,Westminster,528282.44,179662.78,TQ2828279662,51.501346,-0.15321578
Eccleston Place,Westminster,528689.88,178849.45,TQ2868978849,51.493947,-0.14765161
Winsland Street,Westminster,526692.36,181339.58,TQ2669281339,51.516775,-0.1755086
South Wharf Road,Westminster,526668.47,181400.78,TQ2666881400,51.517328,-0.1758324
North Wharf Road,Westminster,526606.98,181542.44,TQ2660681542,51.518618,-0.1766745
Porchester Place,Westminster,527414.36,181131.29,TQ2741481131,51.514743,-0.16518398
Southwick Street,Westminster,527127.56,181258.45,TQ2712781258,51.515949,-0.16927201
Princes Square,Westminster,525600.85,180946.27,TQ2560080946,51.513487,-0.19137793
Whiteley's,Westminster,525820.85,181094.2,TQ2582081094,51.514768,-0.18815645
Bayswater Road,Westminster,526789.06,180791.63,TQ2678980791,51.511828,-0.17430832
Kensington Gore,Westminster,526515.02,179627.42,TQ2651579627,51.501429,-0.17867181
Cotton Garden Estate,Lambeth,531565.98,178567.74,TQ3156578567,51.490751,-0.10635247
Poured Lines,Southwark,531741.25,180345.48,TQ3174180345,51.506688,-0.10315561
Braham Street,Tower Hamlets,533773.28,181237.7,TQ3377381237,51.514227,-0.073556357
Royal London Hospital,Tower Hamlets,534723.17,181800.37,TQ3472381800,51.519061,-0.059659078
Altab Ali Park,Tower Hamlets,534161.89,181535.31,TQ3416181535,51.516813,-0.067854885
LMU Commercial Road,Tower Hamlets,534288.83,181328.18,TQ3428881328,51.514923,-0.066104465
Leman Street,Tower Hamlets,534056,181037.08,TQ3405681037,51.512363,-0.069556445
Embankment (Savoy),Westminster,530628.75,180643.74,TQ3062880643,51.509625,-0.11907304
Vauxhall Bridge,Westminster,529973.46,178260.55,TQ2997378260,51.48836,-0.12938306
Queen Mother Sports Centre,Westminster,529223.25,178820.98,TQ2922378820,51.493565,-0.1399744
Knightsbridge,Westminster,528128.94,179815.18,TQ2812879815,51.502755,-0.15537773
Park Lane,Westminster,527974.95,180619.17,TQ2797480619,51.510016,-0.15730378
St. John's Wood Road,Westminster,526721.14,182510.28,TQ2672182510,51.527292,-0.17467013
Westminster University,Westminster,528104.35,182009.43,TQ2810482009,51.522478,-0.15492682
Barbican Centre,City,532463.19,181850.05,TQ3246381850,51.520044,-0.09219361
Grosvenor Road,Westminster,529090.15,177903.33,TQ2909077903,51.485354,-0.14222416
Great Russell Street,Camden,529994.61,181528.35,TQ2999481528,51.517724,-0.12787753
Jubilee Gardens,Lambeth,530816.89,180092.77,TQ3081680092,51.50463,-0.11656978
Claverton Street,Westminster,529377.55,177853.07,TQ2937777853,51.484839,-0.1381114
Berry Street,Islington,531912.73,182148.2,TQ3191282148,51.522851,-0.10001905
Hardwick Street,Islington,531338.27,182688.56,TQ3133882688,51.527838,-0.10808666
St. John's Wood Church,Westminster,527202.89,182878,TQ2720282878,51.530491,-0.1676074
Abbey Orchard Street,Westminster,529755.52,179341.07,TQ2975579341,51.498125,-0.13212408
Eastbourne Mews,Westminster,526440.38,181292.94,TQ2644081292,51.516409,-0.17915529
Orsett Terrace,Westminster,526118.3,181453.46,TQ2611881453,51.517928,-0.18373585
Westbourne Grove,Westminster,525672.29,181175.1,TQ2567281175,51.515529,-0.19025933
Portugal Street,Westminster,530814.86,181239.61,TQ3081481239,51.514938,-0.11617344
Great Titchfield Street,Westminster,529052.72,181785.42,TQ2905281785,51.520249,-0.1413522
Alderney Street,Westminster,529184.31,178206.2,TQ2918478206,51.488056,-0.14076036
Bramham Gardens,K&C,525731.42,178354.02,TQ2573178354,51.490163,-0.19041407
Collingham Gardens,K&C,525980.1,178521.74,TQ2598078521,51.491609,-0.18676996
Kensington Olympia Station,K&C,524383.68,179210.4,TQ2438379210,51.498154,-0.20951846
Bath Street,Islington,532538.4,182502.8,TQ3253882502,51.525886,-0.090868233
Baldwin Street,Islington,532695,182632.9,TQ3269582632,51.527017,-0.088557519
Margery Street,Islington,531039.1,182542.5,TQ3103982542,51.526595,-0.11244865
St. John Street,Islington,531568.7,182752.1,TQ3156882752,51.528359,-0.10474916
Claremont Square,Islington,531199.2,183110.5,TQ3119983110,51.531662,-0.10993219
Torrens Street,Islington,531505.2,183177.73,TQ3150583177,51.532193,-0.10549826
Graham Street,Islington,531885.3,183239,TQ3188583239,51.532662,-0.099999875
Liverpool Road (N1 Centre),Islington,531393.7,183431.3,TQ3139383431,51.534502,-0.10701732
Cloudesley Road,Islington,531252.73,183416.66,TQ3125283416,51.5344,-0.1090546
Roscoe Street,Islington,532263.4,182168.6,TQ3226382168,51.522949,-0.094955254
Knaresborough Place,K&C,525707.33,178739.31,TQ2570778739,51.493629,-0.19062258
Penfold Street,Westminster,526939.5,182025.86,TQ2693982025,51.522884,-0.17170391
Sackville Street,Westminster,529253.69,180654.96,TQ2925380654,51.510039,-0.13887115
Prince Albert Road,Westminster,527654.29,183490.4,TQ2765483490,51.535889,-0.16087316
Montpelier Street,Westminster,527437.25,179366.83,TQ2743779366,51.498876,-0.1654899
Broadcasting House,Westminster,528857.44,181542.87,TQ2885781542,51.51811,-0.14424994
Little Argyll Street,Westminster,529062.28,181145.45,TQ2906281145,51.514495,-0.1414423
Norton Folgate (Ext),City,533383.23,181993.05,TQ3338381993,51.521113,-0.07888749
Timber Lodge,LLDC (Newham),537759,184969,TQ3775984969,51.546806,-0.014691133
Lee Valley VeloPark,LLDC (Newham),537680,185252,TQ3768085252,51.549368,-0.015719054
London Aquatics Centre,LLDC (Newham),538067,184325,TQ3806784325,51.540944,-0.010504605
Aquatics Canal,LLDC (Newham),537971,184226,TQ3797184226,51.540078,-0.011926775
Eton Manor,LLDC (Newham),537694,185769,TQ3769485769,51.554011,-0.015315069
Here East North,LLDC (Newham),537203.03,185167.37,TQ3720385167,51.548721,-0.02262724
Here East South,LLDC (Newham),537360,184911,TQ3736084911,51.546382,-0.020464266
Copper Box Arena,LLDC (Newham),537430,184741,TQ3743084741,51.544838,-0.019521751
The Orbit,LLDC (Newham),537978,184075,TQ3797884075,51.538719,-0.011885041
East Village,LLDC (Newham),538090,184925,TQ3809084925,51.54633,-0.009937937
Stratford Station,LLDC (Newham),538461,184413,TQ3846184413,51.541638,-0.004792343
